file,line,type,commit,author,date,time,timezone,datetime,depth,length
styles.css,1,css,0bac7d1,elyse,2026-04-08,00:36:29,-07:00,2026-04-08T00:36:29-07:00,0,5
styles.css,2,css,a0f6bcc7,elyse,2026-04-08,01:09:50,-07:00,2026-04-08T01:09:50-07:00,1,44
styles.css,3,css,0bac7d1,elyse,2026-04-08,00:36:29,-07:00,2026-04-08T00:36:29-07:00,1,32
styles.css,4,css,e4b4b906,elyse,2026-04-16,20:02:37,-07:00,2026-04-16T20:02:37-07:00,1,23
styles.css,5,css,e4b4b906,elyse,2026-04-16,20:02:37,-07:00,2026-04-16T20:02:37-07:00,0,0
styles.css,6,css,e4b4b906,elyse,2026-04-16,20:02:37,-07:00,2026-04-16T20:02:37-07:00,0,0
styles.css,7,css,e4b4b906,elyse,2026-04-16,20:02:37,-07:00,2026-04-16T20:02:37-07:00,0,18
styles.css,8,css,e4b4b906,elyse,2026-04-16,20:02:37,-07:00,2026-04-16T20:02:37-07:00,1,17
styles.css,9,css,e4b4b906,elyse,2026-04-16,20:02:37,-07:00,2026-04-16T20:02:37-07:00,1,8
styles.css,10,css,e4b4b906,elyse,2026-04-16,20:02:37,-07:00,2026-04-16T20:02:37-07:00,1,10
styles.css,11,css,e4b4b906,elyse,2026-04-16,20:02:37,-07:00,2026-04-16T20:02:37-07:00,1,13
styles.css,12,css,e4b4b906,elyse,2026-04-16,20:02:37,-07:00,2026-04-16T20:02:37-07:00,1,19
styles.css,13,css,e4b4b906,elyse,2026-04-16,20:02:37,-07:00,2026-04-16T20:02:37-07:00,1,12
styles.css,14,css,e4b4b906,elyse,2026-04-16,20:02:37,-07:00,2026-04-16T20:02:37-07:00,1,9
styles.css,15,css,e4b4b906,elyse,2026-04-16,20:02:37,-07:00,2026-04-16T20:02:37-07:00,1,18
styles.css,16,css,e4b4b906,elyse,2026-04-16,20:02:37,-07:00,2026-04-16T20:02:37-07:00,0,0
styles.css,17,css,e4b4b906,elyse,2026-04-16,20:02:37,-07:00,2026-04-16T20:02:37-07:00,0,0
styles.css,18,css,e4b4b906,elyse,2026-04-16,20:02:37,-07:00,2026-04-16T20:02:37-07:00,0,25
styles.css,19,css,e4b4b906,elyse,2026-04-16,20:02:37,-07:00,2026-04-16T20:02:37-07:00,1,12
styles.css,20,css,0bac7d1,elyse,2026-04-08,00:36:29,-07:00,2026-04-08T00:36:29-07:00,0,0
styles.css,21,css,0bac7d1,elyse,2026-04-08,00:36:29,-07:00,2026-04-08T00:36:29-07:00,0,0
styles.css,22,css,0bac7d1,elyse,2026-04-08,00:36:29,-07:00,2026-04-08T00:36:29-07:00,0,4
styles.css,23,css,0bac7d1,elyse,2026-04-08,00:36:29,-07:00,2026-04-08T00:36:29-07:00,1,43
styles.css,24,css,0bac7d1,elyse,2026-04-08,00:36:29,-07:00,2026-04-08T00:36:29-07:00,0,42
styles.css,25,css,0bac7d1,elyse,2026-04-08,00:36:29,-07:00,2026-04-08T00:36:29-07:00,0,0
styles.css,26,css,0bac7d1,elyse,2026-04-08,00:36:29,-07:00,2026-04-08T00:36:29-07:00,1,23
styles.css,27,css,0bac7d1,elyse,2026-04-08,00:36:29,-07:00,2026-04-08T00:36:29-07:00,1,15
styles.css,28,css,0bac7d1,elyse,2026-04-08,00:36:29,-07:00,2026-04-08T00:36:29-07:00,1,16
styles.css,29,css,0bac7d1,elyse,2026-04-08,00:36:29,-07:00,2026-04-08T00:36:29-07:00,1,17
styles.css,30,css,e4b4b906,elyse,2026-04-16,20:02:37,-07:00,2026-04-16T20:02:37-07:00,1,10
styles.css,31,css,e4b4b906,elyse,2026-04-16,20:02:37,-07:00,2026-04-16T20:02:37-07:00,1,23
styles.css,32,css,e4b4b906,elyse,2026-04-16,20:02:37,-07:00,2026-04-16T20:02:37-07:00,1,16
styles.css,33,css,0bac7d1,elyse,2026-04-08,00:36:29,-07:00,2026-04-08T00:36:29-07:00,0,0
styles.css,34,css,0bac7d1,elyse,2026-04-08,00:36:29,-07:00,2026-04-08T00:36:29-07:00,0,0
styles.css,35,css,f26a86e8,elyse,2026-04-16,18:37:53,-07:00,2026-04-16T18:37:53-07:00,0,3
styles.css,36,css,0bac7d1,elyse,2026-04-08,00:36:29,-07:00,2026-04-08T00:36:29-07:00,2,12
styles.css,37,css,0bac7d1,elyse,2026-04-08,00:36:29,-07:00,2026-04-08T00:36:29-07:00,2,16
styles.css,38,css,e4b4b906,elyse,2026-04-16,20:02:37,-07:00,2026-04-16T20:02:37-07:00,2,39
styles.css,39,css,0bac7d1,elyse,2026-04-08,00:36:29,-07:00,2026-04-08T00:36:29-07:00,0,0
styles.css,40,css,0bac7d1,elyse,2026-04-08,00:36:29,-07:00,2026-04-08T00:36:29-07:00,0,0
styles.css,41,css,f26a86e8,elyse,2026-04-16,18:37:53,-07:00,2026-04-16T18:37:53-07:00,0,5
styles.css,42,css,0bac7d1,elyse,2026-04-08,00:36:29,-07:00,2026-04-08T00:36:29-07:00,2,6
styles.css,43,css,0bac7d1,elyse,2026-04-08,00:36:29,-07:00,2026-04-08T00:36:29-07:00,2,20
styles.css,44,css,0bac7d1,elyse,2026-04-08,00:36:29,-07:00,2026-04-08T00:36:29-07:00,2,13
styles.css,45,css,0bac7d1,elyse,2026-04-08,00:36:29,-07:00,2026-04-08T00:36:29-07:00,2,13
styles.css,46,css,0bac7d1,elyse,2026-04-08,00:36:29,-07:00,2026-04-08T00:36:29-07:00,2,17
styles.css,47,css,0bac7d1,elyse,2026-04-08,00:36:29,-07:00,2026-04-08T00:36:29-07:00,2,23
styles.css,48,css,0bac7d1,elyse,2026-04-08,00:36:29,-07:00,2026-04-08T00:36:29-07:00,2,25
styles.css,49,css,e4b4b906,elyse,2026-04-16,20:02:37,-07:00,2026-04-16T20:02:37-07:00,2,39
styles.css,50,css,0bac7d1,elyse,2026-04-08,00:36:29,-07:00,2026-04-08T00:36:29-07:00,0,0
styles.css,51,css,0bac7d1,elyse,2026-04-08,00:36:29,-07:00,2026-04-08T00:36:29-07:00,0,0
styles.css,52,css,f26a86e8,elyse,2026-04-16,18:37:53,-07:00,2026-04-16T18:37:53-07:00,0,11
styles.css,53,css,0bac7d1,elyse,2026-04-08,00:36:29,-07:00,2026-04-08T00:36:29-07:00,1,45
styles.css,54,css,e4b4b906,elyse,2026-04-16,20:02:37,-07:00,2026-04-16T20:02:37-07:00,1,69
styles.css,55,css,0bac7d1,elyse,2026-04-08,00:36:29,-07:00,2026-04-08T00:36:29-07:00,0,0
styles.css,56,css,0bac7d1,elyse,2026-04-08,00:36:29,-07:00,2026-04-08T00:36:29-07:00,0,0
styles.css,57,css,f26a86e8,elyse,2026-04-16,18:37:53,-07:00,2026-04-16T18:37:53-07:00,0,13
styles.css,58,css,0bac7d1,elyse,2026-04-08,00:36:29,-07:00,2026-04-08T00:36:29-07:00,2,16
styles.css,59,css,0bac7d1,elyse,2026-04-08,00:36:29,-07:00,2026-04-08T00:36:29-07:00,2,20
styles.css,60,css,0bac7d1,elyse,2026-04-08,00:36:29,-07:00,2026-04-08T00:36:29-07:00,2,25
styles.css,61,css,0bac7d1,elyse,2026-04-08,00:36:29,-07:00,2026-04-08T00:36:29-07:00,2,20
styles.css,62,css,0bac7d1,elyse,2026-04-08,00:36:29,-07:00,2026-04-08T00:36:29-07:00,0,0
styles.css,63,css,0bac7d1,elyse,2026-04-08,00:36:29,-07:00,2026-04-08T00:36:29-07:00,0,0
styles.css,64,css,0bac7d1,elyse,2026-04-08,00:36:29,-07:00,2026-04-08T00:36:29-07:00,0,4
styles.css,65,css,0bac7d1,elyse,2026-04-08,00:36:29,-07:00,2026-04-08T00:36:29-07:00,1,12
styles.css,66,css,0bac7d1,elyse,2026-04-08,00:36:29,-07:00,2026-04-08T00:36:29-07:00,1,30
styles.css,67,css,0bac7d1,elyse,2026-04-08,00:36:29,-07:00,2026-04-08T00:36:29-07:00,1,7
styles.css,68,css,0bac7d1,elyse,2026-04-08,00:36:29,-07:00,2026-04-08T00:36:29-07:00,0,0
styles.css,69,css,0bac7d1,elyse,2026-04-08,00:36:29,-07:00,2026-04-08T00:36:29-07:00,0,0
styles.css,70,css,0bac7d1,elyse,2026-04-08,00:36:29,-07:00,2026-04-08T00:36:29-07:00,0,5
styles.css,71,css,0bac7d1,elyse,2026-04-08,00:36:29,-07:00,2026-04-08T00:36:29-07:00,1,12
styles.css,72,css,0bac7d1,elyse,2026-04-08,00:36:29,-07:00,2026-04-08T00:36:29-07:00,1,29
styles.css,73,css,0bac7d1,elyse,2026-04-08,00:36:29,-07:00,2026-04-08T00:36:29-07:00,1,18
styles.css,74,css,0bac7d1,elyse,2026-04-08,00:36:29,-07:00,2026-04-08T00:36:29-07:00,0,0
styles.css,75,css,0bac7d1,elyse,2026-04-08,00:36:29,-07:00,2026-04-08T00:36:29-07:00,0,0
styles.css,76,css,0bac7d1,elyse,2026-04-08,00:36:29,-07:00,2026-04-08T00:36:29-07:00,0,6
styles.css,77,css,0bac7d1,elyse,2026-04-08,00:36:29,-07:00,2026-04-08T00:36:29-07:00,1,18
styles.css,78,css,0bac7d1,elyse,2026-04-08,00:36:29,-07:00,2026-04-08T00:36:29-07:00,0,0
styles.css,79,css,0bac7d1,elyse,2026-04-08,00:36:29,-07:00,2026-04-08T00:36:29-07:00,0,0
styles.css,80,css,0bac7d1,elyse,2026-04-08,00:36:29,-07:00,2026-04-08T00:36:29-07:00,0,4
styles.css,81,css,0bac7d1,elyse,2026-04-08,00:36:29,-07:00,2026-04-08T00:36:29-07:00,0,7
styles.css,82,css,0bac7d1,elyse,2026-04-08,00:36:29,-07:00,2026-04-08T00:36:29-07:00,0,6
styles.css,83,css,0bac7d1,elyse,2026-04-08,00:36:29,-07:00,2026-04-08T00:36:29-07:00,1,12
styles.css,84,css,0bac7d1,elyse,2026-04-08,00:36:29,-07:00,2026-04-08T00:36:29-07:00,0,0
styles.css,85,css,0bac7d1,elyse,2026-04-08,00:36:29,-07:00,2026-04-08T00:36:29-07:00,0,0
styles.css,86,css,0bac7d1,elyse,2026-04-08,00:36:29,-07:00,2026-04-08T00:36:29-07:00,0,4
styles.css,87,css,0bac7d1,elyse,2026-04-08,00:36:29,-07:00,2026-04-08T00:36:29-07:00,0,8
styles.css,88,css,0bac7d1,elyse,2026-04-08,00:36:29,-07:00,2026-04-08T00:36:29-07:00,1,10
styles.css,89,css,0bac7d1,elyse,2026-04-08,00:36:29,-07:00,2026-04-08T00:36:29-07:00,1,21
styles.css,90,css,0bac7d1,elyse,2026-04-08,00:36:29,-07:00,2026-04-08T00:36:29-07:00,0,0
styles.css,91,css,0bac7d1,elyse,2026-04-08,00:36:29,-07:00,2026-04-08T00:36:29-07:00,0,0
styles.css,92,css,0bac7d1,elyse,2026-04-08,00:36:29,-07:00,2026-04-08T00:36:29-07:00,0,9
styles.css,93,css,0bac7d1,elyse,2026-04-08,00:36:29,-07:00,2026-04-08T00:36:29-07:00,1,12
styles.css,94,css,80a09f52,elyse,2026-04-24,15:27:27,-07:00,2026-04-24T15:27:27-07:00,1,57
styles.css,95,css,80a09f52,elyse,2026-04-24,15:27:27,-07:00,2026-04-24T15:27:27-07:00,1,7
styles.css,96,css,80a09f52,elyse,2026-04-24,15:27:27,-07:00,2026-04-24T15:27:27-07:00,0,0
styles.css,97,css,80a09f52,elyse,2026-04-24,15:27:27,-07:00,2026-04-24T15:27:27-07:00,0,0
styles.css,98,css,80a09f52,elyse,2026-04-24,15:27:27,-07:00,2026-04-24T15:27:27-07:00,0,7
styles.css,99,css,80a09f52,elyse,2026-04-24,15:27:27,-07:00,2026-04-24T15:27:27-07:00,1,12
styles.css,100,css,8d0a760e,elyse,2026-04-24,15:24:19,-07:00,2026-04-24T15:24:19-07:00,1,26
styles.css,101,css,0bac7d1,elyse,2026-04-08,00:36:29,-07:00,2026-04-08T00:36:29-07:00,1,15
styles.css,102,css,0bac7d1,elyse,2026-04-08,00:36:29,-07:00,2026-04-08T00:36:29-07:00,0,0
styles.css,103,css,0bac7d1,elyse,2026-04-08,00:36:29,-07:00,2026-04-08T00:36:29-07:00,0,0
styles.css,104,css,0bac7d1,elyse,2026-04-08,00:36:29,-07:00,2026-04-08T00:36:29-07:00,0,12
styles.css,105,css,0bac7d1,elyse,2026-04-08,00:36:29,-07:00,2026-04-08T00:36:29-07:00,1,8
styles.css,106,css,0bac7d1,elyse,2026-04-08,00:36:29,-07:00,2026-04-08T00:36:29-07:00,0,0
styles.css,107,css,0bac7d1,elyse,2026-04-08,00:36:29,-07:00,2026-04-08T00:36:29-07:00,0,0
styles.css,108,css,5b6effe7,elyse,2026-05-01,16:08:39,-07:00,2026-05-01T16:08:39-07:00,0,13
styles.css,109,css,5b6effe7,elyse,2026-05-01,16:08:39,-07:00,2026-05-01T16:08:39-07:00,1,12
styles.css,110,css,5b6effe7,elyse,2026-05-01,16:08:39,-07:00,2026-05-01T16:08:39-07:00,1,11
styles.css,111,css,5b6effe7,elyse,2026-05-01,16:08:39,-07:00,2026-05-01T16:08:39-07:00,0,0
styles.css,112,css,5b6effe7,elyse,2026-05-01,16:08:39,-07:00,2026-05-01T16:08:39-07:00,0,0
styles.css,113,css,5b6effe7,elyse,2026-05-01,16:08:39,-07:00,2026-05-01T16:08:39-07:00,0,15
styles.css,114,css,5b6effe7,elyse,2026-05-01,16:08:39,-07:00,2026-05-01T16:08:39-07:00,1,8
styles.css,115,css,5b6effe7,elyse,2026-05-01,16:08:39,-07:00,2026-05-01T16:08:39-07:00,0,0
styles.css,116,css,5b6effe7,elyse,2026-05-01,16:08:39,-07:00,2026-05-01T16:08:39-07:00,0,0
styles.css,117,css,5b6effe7,elyse,2026-05-01,16:08:39,-07:00,2026-05-01T16:08:39-07:00,0,13
styles.css,118,css,5b6effe7,elyse,2026-05-01,16:08:39,-07:00,2026-05-01T16:08:39-07:00,1,80
styles.css,119,css,5b6effe7,elyse,2026-05-01,16:08:39,-07:00,2026-05-01T16:08:39-07:00,1,17
styles.css,120,css,5b6effe7,elyse,2026-05-01,16:08:39,-07:00,2026-05-01T16:08:39-07:00,1,17
styles.css,121,css,5b6effe7,elyse,2026-05-01,16:08:39,-07:00,2026-05-01T16:08:39-07:00,1,34
styles.css,122,css,5b6effe7,elyse,2026-05-01,16:08:39,-07:00,2026-05-01T16:08:39-07:00,1,25
styles.css,123,css,5b6effe7,elyse,2026-05-01,16:08:39,-07:00,2026-05-01T16:08:39-07:00,0,0
styles.css,124,css,5b6effe7,elyse,2026-05-01,16:08:39,-07:00,2026-05-01T16:08:39-07:00,0,0
styles.css,125,css,9b33ddd6,elyse,2026-04-24,22:11:06,-07:00,2026-04-24T22:11:06-07:00,0,3
styles.css,126,css,9b33ddd6,elyse,2026-04-24,22:11:06,-07:00,2026-04-24T22:11:06-07:00,1,10
styles.css,127,css,9b33ddd6,elyse,2026-04-24,22:11:06,-07:00,2026-04-24T22:11:06-07:00,1,12
styles.css,128,css,9b33ddd6,elyse,2026-04-24,22:11:06,-07:00,2026-04-24T22:11:06-07:00,1,16
styles.css,129,css,9b33ddd6,elyse,2026-04-24,22:11:06,-07:00,2026-04-24T22:11:06-07:00,0,0
styles.css,130,css,9b33ddd6,elyse,2026-04-24,22:11:06,-07:00,2026-04-24T22:11:06-07:00,0,0
styles.css,131,css,5b6effe7,elyse,2026-05-01,16:08:39,-07:00,2026-05-01T16:08:39-07:00,0,18
styles.css,132,css,5b6effe7,elyse,2026-05-01,16:08:39,-07:00,2026-05-01T16:08:39-07:00,1,11
styles.css,133,css,5b6effe7,elyse,2026-05-01,16:08:39,-07:00,2026-05-01T16:08:39-07:00,1,12
styles.css,134,css,5b6effe7,elyse,2026-05-01,16:08:39,-07:00,2026-05-01T16:08:39-07:00,1,15
styles.css,135,css,5b6effe7,elyse,2026-05-01,16:08:39,-07:00,2026-05-01T16:08:39-07:00,1,18
styles.css,136,css,5b6effe7,elyse,2026-05-01,16:08:39,-07:00,2026-05-01T16:08:39-07:00,1,16
styles.css,137,css,5b6effe7,elyse,2026-05-01,16:08:39,-07:00,2026-05-01T16:08:39-07:00,1,6
styles.css,138,css,5b6effe7,elyse,2026-05-01,16:08:39,-07:00,2026-05-01T16:08:39-07:00,0,0
styles.css,139,css,5b6effe7,elyse,2026-05-01,16:08:39,-07:00,2026-05-01T16:08:39-07:00,1,17
styles.css,140,css,5b6effe7,elyse,2026-05-01,16:08:39,-07:00,2026-05-01T16:08:39-07:00,2,16
styles.css,141,css,5b6effe7,elyse,2026-05-01,16:08:39,-07:00,2026-05-01T16:08:39-07:00,3,11
styles.css,142,css,5b6effe7,elyse,2026-05-01,16:08:39,-07:00,2026-05-01T16:08:39-07:00,2,0
styles.css,143,css,5b6effe7,elyse,2026-05-01,16:08:39,-07:00,2026-05-01T16:08:39-07:00,1,0
styles.css,144,css,5b6effe7,elyse,2026-05-01,16:08:39,-07:00,2026-05-01T16:08:39-07:00,0,0
styles.css,145,css,5b6effe7,elyse,2026-05-01,16:08:39,-07:00,2026-05-01T16:08:39-07:00,0,0
styles.css,146,css,5b6effe7,elyse,2026-05-01,16:08:39,-07:00,2026-05-01T16:08:39-07:00,0,4
styles.css,147,css,5b6effe7,elyse,2026-05-01,16:08:39,-07:00,2026-05-01T16:08:39-07:00,1,16
styles.css,148,css,5b6effe7,elyse,2026-05-01,16:08:39,-07:00,2026-05-01T16:08:39-07:00,0,0
styles.css,149,css,5b6effe7,elyse,2026-05-01,16:08:39,-07:00,2026-05-01T16:08:39-07:00,0,0
styles.css,150,css,5b6effe7,elyse,2026-05-01,16:08:39,-07:00,2026-05-01T16:08:39-07:00,0,9
styles.css,151,css,5b6effe7,elyse,2026-05-01,16:08:39,-07:00,2026-05-01T16:08:39-07:00,1,35
styles.css,152,css,5b6effe7,elyse,2026-05-01,16:08:39,-07:00,2026-05-01T16:08:39-07:00,0,0
styles.css,153,css,5b6effe7,elyse,2026-05-01,16:08:39,-07:00,2026-05-01T16:08:39-07:00,1,10
styles.css,154,css,5b6effe7,elyse,2026-05-01,16:08:39,-07:00,2026-05-01T16:08:39-07:00,2,17
styles.css,155,css,5b6effe7,elyse,2026-05-01,16:08:39,-07:00,2026-05-01T16:08:39-07:00,1,0
styles.css,156,css,5b6effe7,elyse,2026-05-01,16:08:39,-07:00,2026-05-01T16:08:39-07:00,0,0
styles.css,157,css,5b6effe7,elyse,2026-05-01,16:08:39,-07:00,2026-05-01T16:08:39-07:00,0,0
styles.css,158,css,5b6effe7,elyse,2026-05-01,16:08:39,-07:00,2026-05-01T16:08:39-07:00,0,4
styles.css,159,css,5b6effe7,elyse,2026-05-01,16:08:39,-07:00,2026-05-01T16:08:39-07:00,1,14
styles.css,160,css,5b6effe7,elyse,2026-05-01,16:08:39,-07:00,2026-05-01T16:08:39-07:00,0,0
styles.css,161,css,5b6effe7,elyse,2026-05-01,16:08:39,-07:00,2026-05-01T16:08:39-07:00,0,0
styles.css,162,css,5b6effe7,elyse,2026-05-01,16:08:39,-07:00,2026-05-01T16:08:39-07:00,0,7
styles.css,163,css,5b6effe7,elyse,2026-05-01,16:08:39,-07:00,2026-05-01T16:08:39-07:00,1,12
styles.css,164,css,5b6effe7,elyse,2026-05-01,16:08:39,-07:00,2026-05-01T16:08:39-07:00,1,57
styles.css,165,css,5b6effe7,elyse,2026-05-01,16:08:39,-07:00,2026-05-01T16:08:39-07:00,1,36
styles.css,166,css,5b6effe7,elyse,2026-05-01,16:08:39,-07:00,2026-05-01T16:08:39-07:00,1,18
styles.css,167,css,5b6effe7,elyse,2026-05-01,16:08:39,-07:00,2026-05-01T16:08:39-07:00,1,20
styles.css,168,css,5b6effe7,elyse,2026-05-01,16:08:39,-07:00,2026-05-01T16:08:39-07:00,1,24
styles.css,169,css,5b6effe7,elyse,2026-05-01,16:08:39,-07:00,2026-05-01T16:08:39-07:00,1,21
styles.css,170,css,5b6effe7,elyse,2026-05-01,16:08:39,-07:00,2026-05-01T16:08:39-07:00,1,10
styles.css,171,css,5b6effe7,elyse,2026-05-01,16:08:39,-07:00,2026-05-01T16:08:39-07:00,1,6
styles.css,172,css,5b6effe7,elyse,2026-05-01,16:08:39,-07:00,2026-05-01T16:08:39-07:00,1,15
styles.css,173,css,5b6effe7,elyse,2026-05-01,16:08:39,-07:00,2026-05-01T16:08:39-07:00,0,0
styles.css,174,css,5b6effe7,elyse,2026-05-01,16:08:39,-07:00,2026-05-01T16:08:39-07:00,0,0
styles.css,175,css,5b6effe7,elyse,2026-05-01,16:08:39,-07:00,2026-05-01T16:08:39-07:00,0,12
styles.css,176,css,5b6effe7,elyse,2026-05-01,16:08:39,-07:00,2026-05-01T16:08:39-07:00,1,12
styles.css,177,css,5b6effe7,elyse,2026-05-01,16:08:39,-07:00,2026-05-01T16:08:39-07:00,1,18
styles.css,178,css,5b6effe7,elyse,2026-05-01,16:08:39,-07:00,2026-05-01T16:08:39-07:00,1,11
styles.css,179,css,5b6effe7,elyse,2026-05-01,16:08:39,-07:00,2026-05-01T16:08:39-07:00,0,0
styles.css,180,css,5b6effe7,elyse,2026-05-01,16:08:39,-07:00,2026-05-01T16:08:39-07:00,0,0
styles.css,181,css,5b6effe7,elyse,2026-05-01,16:08:39,-07:00,2026-05-01T16:08:39-07:00,0,7
styles.css,182,css,5b6effe7,elyse,2026-05-01,16:08:39,-07:00,2026-05-01T16:08:39-07:00,1,20
styles.css,183,css,5b6effe7,elyse,2026-05-01,16:08:39,-07:00,2026-05-01T16:08:39-07:00,1,13
styles.css,184,css,5b6effe7,elyse,2026-05-01,16:08:39,-07:00,2026-05-01T16:08:39-07:00,1,18
styles.css,185,css,5b6effe7,elyse,2026-05-01,16:08:39,-07:00,2026-05-01T16:08:39-07:00,1,29
styles.css,186,css,5b6effe7,elyse,2026-05-01,16:08:39,-07:00,2026-05-01T16:08:39-07:00,1,17
styles.css,187,css,5b6effe7,elyse,2026-05-01,16:08:39,-07:00,2026-05-01T16:08:39-07:00,1,13
styles.css,188,css,5b6effe7,elyse,2026-05-01,16:08:39,-07:00,2026-05-01T16:08:39-07:00,0,0
styles.css,189,css,5b6effe7,elyse,2026-05-01,16:08:39,-07:00,2026-05-01T16:08:39-07:00,0,0
styles.css,190,css,5b6effe7,elyse,2026-05-01,16:08:39,-07:00,2026-05-01T16:08:39-07:00,0,10
styles.css,191,css,5b6effe7,elyse,2026-05-01,16:08:39,-07:00,2026-05-01T16:08:39-07:00,1,12
styles.css,192,css,5b6effe7,elyse,2026-05-01,16:08:39,-07:00,2026-05-01T16:08:39-07:00,1,10
styles.css,193,css,5b6effe7,elyse,2026-05-01,16:08:39,-07:00,2026-05-01T16:08:39-07:00,1,18
styles.css,194,css,5b6effe7,elyse,2026-05-01,16:08:39,-07:00,2026-05-01T16:08:39-07:00,0,0
styles.css,195,css,5b6effe7,elyse,2026-05-01,16:08:39,-07:00,2026-05-01T16:08:39-07:00,0,0
styles.css,196,css,5b6effe7,elyse,2026-05-01,16:08:39,-07:00,2026-05-01T16:08:39-07:00,0,10
styles.css,197,css,5b6effe7,elyse,2026-05-01,16:08:39,-07:00,2026-05-01T16:08:39-07:00,1,13
styles.css,198,css,5b6effe7,elyse,2026-05-01,16:08:39,-07:00,2026-05-01T16:08:39-07:00,1,10
styles.css,199,css,5b6effe7,elyse,2026-05-01,16:08:39,-07:00,2026-05-01T16:08:39-07:00,1,14
styles.css,200,css,5b6effe7,elyse,2026-05-01,16:08:39,-07:00,2026-05-01T16:08:39-07:00,1,21
styles.css,201,css,5b6effe7,elyse,2026-05-01,16:08:39,-07:00,2026-05-01T16:08:39-07:00,1,12
styles.css,202,css,5b6effe7,elyse,2026-05-01,16:08:39,-07:00,2026-05-01T16:08:39-07:00,1,18
styles.css,203,css,5b6effe7,elyse,2026-05-01,16:08:39,-07:00,2026-05-01T16:08:39-07:00,1,23
styles.css,204,css,5b6effe7,elyse,2026-05-01,16:08:39,-07:00,2026-05-01T16:08:39-07:00,1,36
styles.css,205,css,5b6effe7,elyse,2026-05-01,16:08:39,-07:00,2026-05-01T16:08:39-07:00,1,18
styles.css,206,css,5b6effe7,elyse,2026-05-01,16:08:39,-07:00,2026-05-01T16:08:39-07:00,1,17
styles.css,207,css,5b6effe7,elyse,2026-05-01,16:08:39,-07:00,2026-05-01T16:08:39-07:00,1,16
styles.css,208,css,5b6effe7,elyse,2026-05-01,16:08:39,-07:00,2026-05-01T16:08:39-07:00,0,0
styles.css,209,css,5b6effe7,elyse,2026-05-01,16:08:39,-07:00,2026-05-01T16:08:39-07:00,0,0
styles.css,210,css,0bac7d1,elyse,2026-04-08,00:36:29,-07:00,2026-04-08T00:36:29-07:00,0,1
styles.css,211,css,0bac7d1,elyse,2026-04-08,00:36:29,-07:00,2026-04-08T00:36:29-07:00,0,1
styles.css,212,css,0bac7d1,elyse,2026-04-08,00:36:29,-07:00,2026-04-08T00:36:29-07:00,0,1
styles.css,213,css,0bac7d1,elyse,2026-04-08,00:36:29,-07:00,2026-04-08T00:36:29-07:00,0,1
styles.css,214,css,0bac7d1,elyse,2026-04-08,00:36:29,-07:00,2026-04-08T00:36:29-07:00,0,1
styles.css,215,css,0bac7d1,elyse,2026-04-08,00:36:29,-07:00,2026-04-08T00:36:29-07:00,0,2
styles.css,216,css,0bac7d1,elyse,2026-04-08,00:36:29,-07:00,2026-04-08T00:36:29-07:00,1,15
styles.css,217,css,0bac7d1,elyse,2026-04-08,00:36:29,-07:00,2026-04-08T00:36:29-07:00,1,17
styles.css,218,css,0bac7d1,elyse,2026-04-08,00:36:29,-07:00,2026-04-08T00:36:29-07:00,0,0
styles.css,219,css,0bac7d1,elyse,2026-04-08,00:36:29,-07:00,2026-04-08T00:36:29-07:00,0,0
styles.css,220,css,0bac7d1,elyse,2026-04-08,00:36:29,-07:00,2026-04-08T00:36:29-07:00,0,2
styles.css,221,css,0bac7d1,elyse,2026-04-08,00:36:29,-07:00,2026-04-08T00:36:29-07:00,1,14
styles.css,222,css,263302ba,elyse,2026-04-09,13:53:49,-07:00,2026-04-09T13:53:49-07:00,0,0
styles.css,223,css,263302ba,elyse,2026-04-09,13:53:49,-07:00,2026-04-09T13:53:49-07:00,0,0
styles.css,224,css,263302ba,elyse,2026-04-09,13:53:49,-07:00,2026-04-09T13:53:49-07:00,0,13
styles.css,225,css,263302ba,elyse,2026-04-09,13:53:49,-07:00,2026-04-09T13:53:49-07:00,0,0
styles.css,226,css,263302ba,elyse,2026-04-09,13:53:49,-07:00,2026-04-09T13:53:49-07:00,0,14
styles.css,227,css,263302ba,elyse,2026-04-09,13:53:49,-07:00,2026-04-09T13:53:49-07:00,1,16
styles.css,228,css,263302ba,elyse,2026-04-09,13:53:49,-07:00,2026-04-09T13:53:49-07:00,0,0
styles.css,229,css,263302ba,elyse,2026-04-09,13:53:49,-07:00,2026-04-09T13:53:49-07:00,0,10
styles.css,230,css,263302ba,elyse,2026-04-09,13:53:49,-07:00,2026-04-09T13:53:49-07:00,1,12
styles.css,231,css,263302ba,elyse,2026-04-09,13:53:49,-07:00,2026-04-09T13:53:49-07:00,1,21
styles.css,232,css,263302ba,elyse,2026-04-09,13:53:49,-07:00,2026-04-09T13:53:49-07:00,1,18
styles.css,233,css,263302ba,elyse,2026-04-09,13:53:49,-07:00,2026-04-09T13:53:49-07:00,1,17
styles.css,234,css,263302ba,elyse,2026-04-09,13:53:49,-07:00,2026-04-09T13:53:49-07:00,1,10
styles.css,235,css,263302ba,elyse,2026-04-09,13:53:49,-07:00,2026-04-09T13:53:49-07:00,1,16
styles.css,236,css,263302ba,elyse,2026-04-09,13:53:49,-07:00,2026-04-09T13:53:49-07:00,1,17
styles.css,237,css,263302ba,elyse,2026-04-09,13:53:49,-07:00,2026-04-09T13:53:49-07:00,1,18
styles.css,238,css,263302ba,elyse,2026-04-09,13:53:49,-07:00,2026-04-09T13:53:49-07:00,0,0
styles.css,239,css,263302ba,elyse,2026-04-09,13:53:49,-07:00,2026-04-09T13:53:49-07:00,0,10
styles.css,240,css,263302ba,elyse,2026-04-09,13:53:49,-07:00,2026-04-09T13:53:49-07:00,1,10
styles.css,241,css,263302ba,elyse,2026-04-09,13:53:49,-07:00,2026-04-09T13:53:49-07:00,1,22
styles.css,242,css,263302ba,elyse,2026-04-09,13:53:49,-07:00,2026-04-09T13:53:49-07:00,1,43
styles.css,243,css,263302ba,elyse,2026-04-09,13:53:49,-07:00,2026-04-09T13:53:49-07:00,0,0
styles.css,244,css,263302ba,elyse,2026-04-09,13:53:49,-07:00,2026-04-09T13:53:49-07:00,0,13
styles.css,245,css,263302ba,elyse,2026-04-09,13:53:49,-07:00,2026-04-09T13:53:49-07:00,1,17
styles.css,246,css,263302ba,elyse,2026-04-09,13:53:49,-07:00,2026-04-09T13:53:49-07:00,0,0
styles.css,247,css,263302ba,elyse,2026-04-09,13:53:49,-07:00,2026-04-09T13:53:49-07:00,0,13
styles.css,248,css,263302ba,elyse,2026-04-09,13:53:49,-07:00,2026-04-09T13:53:49-07:00,1,15
styles.css,249,css,263302ba,elyse,2026-04-09,13:53:49,-07:00,2026-04-09T13:53:49-07:00,1,17
styles.css,250,css,263302ba,elyse,2026-04-09,13:53:49,-07:00,2026-04-09T13:53:49-07:00,1,15
styles.css,251,css,263302ba,elyse,2026-04-09,13:53:49,-07:00,2026-04-09T13:53:49-07:00,1,17
styles.css,252,css,263302ba,elyse,2026-04-09,13:53:49,-07:00,2026-04-09T13:53:49-07:00,1,16
styles.css,253,css,263302ba,elyse,2026-04-09,13:53:49,-07:00,2026-04-09T13:53:49-07:00,1,16
styles.css,254,css,263302ba,elyse,2026-04-09,13:53:49,-07:00,2026-04-09T13:53:49-07:00,1,17
styles.css,255,css,263302ba,elyse,2026-04-09,13:53:49,-07:00,2026-04-09T13:53:49-07:00,0,0
styles.css,256,css,263302ba,elyse,2026-04-09,13:53:49,-07:00,2026-04-09T13:53:49-07:00,0,10
styles.css,257,css,263302ba,elyse,2026-04-09,13:53:49,-07:00,2026-04-09T13:53:49-07:00,1,8
styles.css,258,css,263302ba,elyse,2026-04-09,13:53:49,-07:00,2026-04-09T13:53:49-07:00,1,17
styles.css,259,css,263302ba,elyse,2026-04-09,13:53:49,-07:00,2026-04-09T13:53:49-07:00,1,15
styles.css,260,css,263302ba,elyse,2026-04-09,13:53:49,-07:00,2026-04-09T13:53:49-07:00,1,16
styles.css,261,css,263302ba,elyse,2026-04-09,13:53:49,-07:00,2026-04-09T13:53:49-07:00,0,0
styles.css,262,css,263302ba,elyse,2026-04-09,13:53:49,-07:00,2026-04-09T13:53:49-07:00,0,23
styles.css,263,css,263302ba,elyse,2026-04-09,13:53:49,-07:00,2026-04-09T13:53:49-07:00,1,18
styles.css,264,css,263302ba,elyse,2026-04-09,13:53:49,-07:00,2026-04-09T13:53:49-07:00,0,0
styles.css,265,css,263302ba,elyse,2026-04-09,13:53:49,-07:00,2026-04-09T13:53:49-07:00,0,11
styles.css,266,css,263302ba,elyse,2026-04-09,13:53:49,-07:00,2026-04-09T13:53:49-07:00,1,10
styles.css,267,css,263302ba,elyse,2026-04-09,13:53:49,-07:00,2026-04-09T13:53:49-07:00,1,36
styles.css,268,css,263302ba,elyse,2026-04-09,13:53:49,-07:00,2026-04-09T13:53:49-07:00,1,18
styles.css,269,css,263302ba,elyse,2026-04-09,13:53:49,-07:00,2026-04-09T13:53:49-07:00,1,20
styles.css,270,css,263302ba,elyse,2026-04-09,13:53:49,-07:00,2026-04-09T13:53:49-07:00,1,43
styles.css,271,css,263302ba,elyse,2026-04-09,13:53:49,-07:00,2026-04-09T13:53:49-07:00,1,21
styles.css,272,css,263302ba,elyse,2026-04-09,13:53:49,-07:00,2026-04-09T13:53:49-07:00,1,16
styles.css,273,css,263302ba,elyse,2026-04-09,13:53:49,-07:00,2026-04-09T13:53:49-07:00,1,16
styles.css,274,css,263302ba,elyse,2026-04-09,13:53:49,-07:00,2026-04-09T13:53:49-07:00,1,17
styles.css,275,css,263302ba,elyse,2026-04-09,13:53:49,-07:00,2026-04-09T13:53:49-07:00,0,0
styles.css,276,css,263302ba,elyse,2026-04-09,13:53:49,-07:00,2026-04-09T13:53:49-07:00,0,0
styles.css,277,css,263302ba,elyse,2026-04-09,13:53:49,-07:00,2026-04-09T13:53:49-07:00,0,13
styles.css,278,css,263302ba,elyse,2026-04-09,13:53:49,-07:00,2026-04-09T13:53:49-07:00,1,8
styles.css,279,css,263302ba,elyse,2026-04-09,13:53:49,-07:00,2026-04-09T13:53:49-07:00,1,16
styles.css,280,css,263302ba,elyse,2026-04-09,13:53:49,-07:00,2026-04-09T13:53:49-07:00,1,16
styles.css,281,css,263302ba,elyse,2026-04-09,13:53:49,-07:00,2026-04-09T13:53:49-07:00,1,17
styles.css,282,css,263302ba,elyse,2026-04-09,13:53:49,-07:00,2026-04-09T13:53:49-07:00,0,0
styles.css,283,css,263302ba,elyse,2026-04-09,13:53:49,-07:00,2026-04-09T13:53:49-07:00,0,0
styles.css,284,css,263302ba,elyse,2026-04-09,13:53:49,-07:00,2026-04-09T13:53:49-07:00,0,17
styles.css,285,css,263302ba,elyse,2026-04-09,13:53:49,-07:00,2026-04-09T13:53:49-07:00,1,18
styles.css,286,css,263302ba,elyse,2026-04-09,13:53:49,-07:00,2026-04-09T13:53:49-07:00,0,0
styles.css,287,css,23d35a5b,elyse,2026-04-24,18:38:23,-07:00,2026-04-24T18:38:23-07:00,0,0
styles.css,288,css,23d35a5b,elyse,2026-04-24,18:38:23,-07:00,2026-04-24T18:38:23-07:00,0,17
styles.css,289,css,23d35a5b,elyse,2026-04-24,18:38:23,-07:00,2026-04-24T18:38:23-07:00,1,18
styles.css,290,css,23d35a5b,elyse,2026-04-24,18:38:23,-07:00,2026-04-24T18:38:23-07:00,1,16
styles.css,291,css,23d35a5b,elyse,2026-04-24,18:38:23,-07:00,2026-04-24T18:38:23-07:00,0,0
styles.css,292,css,23d35a5b,elyse,2026-04-24,18:38:23,-07:00,2026-04-24T18:38:23-07:00,0,0
styles.css,293,css,23d35a5b,elyse,2026-04-24,18:38:23,-07:00,2026-04-24T18:38:23-07:00,0,17
styles.css,294,css,23d35a5b,elyse,2026-04-24,18:38:23,-07:00,2026-04-24T18:38:23-07:00,1,12
styles.css,295,css,23d35a5b,elyse,2026-04-24,18:38:23,-07:00,2026-04-24T18:38:23-07:00,1,36
styles.css,296,css,23d35a5b,elyse,2026-04-24,18:38:23,-07:00,2026-04-24T18:38:23-07:00,1,7
styles.css,297,css,23d35a5b,elyse,2026-04-24,18:38:23,-07:00,2026-04-24T18:38:23-07:00,0,0
styles.css,298,css,23d35a5b,elyse,2026-04-24,18:38:23,-07:00,2026-04-24T18:38:23-07:00,0,0
styles.css,299,css,23d35a5b,elyse,2026-04-24,18:38:23,-07:00,2026-04-24T18:38:23-07:00,0,17
styles.css,300,css,23d35a5b,elyse,2026-04-24,18:38:23,-07:00,2026-04-24T18:38:23-07:00,1,10
styles.css,301,css,23d35a5b,elyse,2026-04-24,18:38:23,-07:00,2026-04-24T18:38:23-07:00,0,0
styles.css,302,css,23d35a5b,elyse,2026-04-24,18:38:23,-07:00,2026-04-24T18:38:23-07:00,0,0
styles.css,303,css,23d35a5b,elyse,2026-04-24,18:38:23,-07:00,2026-04-24T18:38:23-07:00,0,17
styles.css,304,css,23d35a5b,elyse,2026-04-24,18:38:23,-07:00,2026-04-24T18:38:23-07:00,1,10
styles.css,305,css,23d35a5b,elyse,2026-04-24,18:38:23,-07:00,2026-04-24T18:38:23-07:00,0,0
styles.css,306,css,a844236b,elyse,2026-05-22,15:39:44,-07:00,2026-05-22T15:39:44-07:00,0,0
styles.css,307,css,4d106a45,elyse,2026-05-22,16:03:41,-07:00,2026-05-22T16:03:41-07:00,0,10
styles.css,308,css,4d106a45,elyse,2026-05-22,16:03:41,-07:00,2026-05-22T16:03:41-07:00,1,17
styles.css,309,css,4d106a45,elyse,2026-05-22,16:03:41,-07:00,2026-05-22T16:03:41-07:00,1,12
styles.css,310,css,4d106a45,elyse,2026-05-22,16:03:41,-07:00,2026-05-22T16:03:41-07:00,1,8
styles.css,311,css,4d106a45,elyse,2026-05-22,16:03:41,-07:00,2026-05-22T16:03:41-07:00,0,0
styles.css,312,css,4d106a45,elyse,2026-05-22,16:03:41,-07:00,2026-05-22T16:03:41-07:00,0,0
styles.css,313,css,4d106a45,elyse,2026-05-22,16:03:41,-07:00,2026-05-22T16:03:41-07:00,0,14
styles.css,314,css,4d106a45,elyse,2026-05-22,16:03:41,-07:00,2026-05-22T16:03:41-07:00,1,6
styles.css,315,css,4d106a45,elyse,2026-05-22,16:03:41,-07:00,2026-05-22T16:03:41-07:00,0,0
styles.css,316,css,4d106a45,elyse,2026-05-22,16:03:41,-07:00,2026-05-22T16:03:41-07:00,0,0
styles.css,317,css,4d106a45,elyse,2026-05-22,16:03:41,-07:00,2026-05-22T16:03:41-07:00,0,14
styles.css,318,css,4d106a45,elyse,2026-05-22,16:03:41,-07:00,2026-05-22T16:03:41-07:00,1,17
styles.css,319,css,4d106a45,elyse,2026-05-22,16:03:41,-07:00,2026-05-22T16:03:41-07:00,0,0
styles.css,320,css,4d106a45,elyse,2026-05-22,16:03:41,-07:00,2026-05-22T16:03:41-07:00,0,0
styles.css,321,css,4d106a45,elyse,2026-05-22,16:03:41,-07:00,2026-05-22T16:03:41-07:00,0,20
styles.css,322,css,4d106a45,elyse,2026-05-22,16:03:41,-07:00,2026-05-22T16:03:41-07:00,1,19
styles.css,323,css,4d106a45,elyse,2026-05-22,16:03:41,-07:00,2026-05-22T16:03:41-07:00,0,0
styles.css,324,css,4d106a45,elyse,2026-05-22,16:03:41,-07:00,2026-05-22T16:03:41-07:00,0,0
styles.css,325,css,4d106a45,elyse,2026-05-22,16:03:41,-07:00,2026-05-22T16:03:41-07:00,0,13
styles.css,326,css,4d106a45,elyse,2026-05-22,16:03:41,-07:00,2026-05-22T16:03:41-07:00,1,15
styles.css,327,css,4d106a45,elyse,2026-05-22,16:03:41,-07:00,2026-05-22T16:03:41-07:00,1,5
styles.css,328,css,4d106a45,elyse,2026-05-22,16:03:41,-07:00,2026-05-22T16:03:41-07:00,1,6
styles.css,329,css,4d106a45,elyse,2026-05-22,16:03:41,-07:00,2026-05-22T16:03:41-07:00,1,11
styles.css,330,css,4d106a45,elyse,2026-05-22,16:03:41,-07:00,2026-05-22T16:03:41-07:00,1,11
styles.css,331,css,4d106a45,elyse,2026-05-22,16:03:41,-07:00,2026-05-22T16:03:41-07:00,1,18
styles.css,332,css,4d106a45,elyse,2026-05-22,16:03:41,-07:00,2026-05-22T16:03:41-07:00,1,21
styles.css,333,css,4d106a45,elyse,2026-05-22,16:03:41,-07:00,2026-05-22T16:03:41-07:00,0,0
styles.css,334,css,4d106a45,elyse,2026-05-22,16:03:41,-07:00,2026-05-22T16:03:41-07:00,0,0
styles.css,335,css,4d106a45,elyse,2026-05-22,16:03:41,-07:00,2026-05-22T16:03:41-07:00,0,16
styles.css,336,css,4d106a45,elyse,2026-05-22,16:03:41,-07:00,2026-05-22T16:03:41-07:00,1,17
styles.css,337,css,4d106a45,elyse,2026-05-22,16:03:41,-07:00,2026-05-22T16:03:41-07:00,1,12
styles.css,338,css,4d106a45,elyse,2026-05-22,16:03:41,-07:00,2026-05-22T16:03:41-07:00,1,21
styles.css,339,css,4d106a45,elyse,2026-05-22,16:03:41,-07:00,2026-05-22T16:03:41-07:00,0,0
styles.css,340,css,4d106a45,elyse,2026-05-22,16:03:41,-07:00,2026-05-22T16:03:41-07:00,0,0
styles.css,341,css,4d106a45,elyse,2026-05-22,16:03:41,-07:00,2026-05-22T16:03:41-07:00,0,10
styles.css,342,css,4d106a45,elyse,2026-05-22,16:03:41,-07:00,2026-05-22T16:03:41-07:00,1,17
styles.css,343,css,4d106a45,elyse,2026-05-22,16:03:41,-07:00,2026-05-22T16:03:41-07:00,1,12
styles.css,344,css,4d106a45,elyse,2026-05-22,16:03:41,-07:00,2026-05-22T16:03:41-07:00,1,8
styles.css,345,css,4d106a45,elyse,2026-05-22,16:03:41,-07:00,2026-05-22T16:03:41-07:00,0,0
styles.css,346,css,4d106a45,elyse,2026-05-22,16:03:41,-07:00,2026-05-22T16:03:41-07:00,0,0
styles.css,347,css,4d106a45,elyse,2026-05-22,16:03:41,-07:00,2026-05-22T16:03:41-07:00,0,14
styles.css,348,css,4d106a45,elyse,2026-05-22,16:03:41,-07:00,2026-05-22T16:03:41-07:00,1,6
styles.css,349,css,4d106a45,elyse,2026-05-22,16:03:41,-07:00,2026-05-22T16:03:41-07:00,0,0
styles.css,350,css,4d106a45,elyse,2026-05-22,16:03:41,-07:00,2026-05-22T16:03:41-07:00,0,0
styles.css,351,css,4d106a45,elyse,2026-05-22,16:03:41,-07:00,2026-05-22T16:03:41-07:00,0,10
styles.css,352,css,4d106a45,elyse,2026-05-22,16:03:41,-07:00,2026-05-22T16:03:41-07:00,1,15
styles.css,353,css,4d106a45,elyse,2026-05-22,16:03:41,-07:00,2026-05-22T16:03:41-07:00,1,5
styles.css,354,css,4d106a45,elyse,2026-05-22,16:03:41,-07:00,2026-05-22T16:03:41-07:00,1,6
styles.css,355,css,4d106a45,elyse,2026-05-22,16:03:41,-07:00,2026-05-22T16:03:41-07:00,1,11
styles.css,356,css,4d106a45,elyse,2026-05-22,16:03:41,-07:00,2026-05-22T16:03:41-07:00,1,11
styles.css,357,css,4d106a45,elyse,2026-05-22,16:03:41,-07:00,2026-05-22T16:03:41-07:00,1,13
styles.css,358,css,4d106a45,elyse,2026-05-22,16:03:41,-07:00,2026-05-22T16:03:41-07:00,0,0
styles.css,359,css,4d106a45,elyse,2026-05-22,16:03:41,-07:00,2026-05-22T16:03:41-07:00,0,0
styles.css,360,css,4d106a45,elyse,2026-05-22,16:03:41,-07:00,2026-05-22T16:03:41-07:00,0,12
styles.css,361,css,4d106a45,elyse,2026-05-22,16:03:41,-07:00,2026-05-22T16:03:41-07:00,1,17
styles.css,362,css,4d106a45,elyse,2026-05-22,16:03:41,-07:00,2026-05-22T16:03:41-07:00,0,0
styles.css,363,css,4d106a45,elyse,2026-05-22,16:03:41,-07:00,2026-05-22T16:03:41-07:00,0,0
styles.css,364,css,4d106a45,elyse,2026-05-22,16:03:41,-07:00,2026-05-22T16:03:41-07:00,0,18
styles.css,365,css,4d106a45,elyse,2026-05-22,16:03:41,-07:00,2026-05-22T16:03:41-07:00,1,19
styles.css,366,css,4d106a45,elyse,2026-05-22,16:03:41,-07:00,2026-05-22T16:03:41-07:00,0,0
styles.css,367,css,4d106a45,elyse,2026-05-22,16:03:41,-07:00,2026-05-22T16:03:41-07:00,0,0
styles.css,368,css,a844236b,elyse,2026-05-22,15:39:44,-07:00,2026-05-22T15:39:44-07:00,0,6
styles.css,369,css,a844236b,elyse,2026-05-22,15:39:44,-07:00,2026-05-22T15:39:44-07:00,1,12
styles.css,370,css,a844236b,elyse,2026-05-22,15:39:44,-07:00,2026-05-22T15:39:44-07:00,1,29
styles.css,371,css,a844236b,elyse,2026-05-22,15:39:44,-07:00,2026-05-22T15:39:44-07:00,0,0
styles.css,372,css,a844236b,elyse,2026-05-22,15:39:44,-07:00,2026-05-22T15:39:44-07:00,0,0
styles.css,373,css,a844236b,elyse,2026-05-22,15:39:44,-07:00,2026-05-22T15:39:44-07:00,0,12
styles.css,374,css,a844236b,elyse,2026-05-22,15:39:44,-07:00,2026-05-22T15:39:44-07:00,1,18
styles.css,375,css,a844236b,elyse,2026-05-22,15:39:44,-07:00,2026-05-22T15:39:44-07:00,1,12
styles.css,376,css,a844236b,elyse,2026-05-22,15:39:44,-07:00,2026-05-22T15:39:44-07:00,1,29
styles.css,377,css,a844236b,elyse,2026-05-22,15:39:44,-07:00,2026-05-22T15:39:44-07:00,0,0
styles.css,378,css,a844236b,elyse,2026-05-22,15:39:44,-07:00,2026-05-22T15:39:44-07:00,0,0
styles.css,379,css,a844236b,elyse,2026-05-22,15:39:44,-07:00,2026-05-22T15:39:44-07:00,0,9
styles.css,380,css,a844236b,elyse,2026-05-22,15:39:44,-07:00,2026-05-22T15:39:44-07:00,1,13
styles.css,381,css,a844236b,elyse,2026-05-22,15:39:44,-07:00,2026-05-22T15:39:44-07:00,0,0
styles.css,382,css,a844236b,elyse,2026-05-22,15:39:44,-07:00,2026-05-22T15:39:44-07:00,0,0
styles.css,383,css,08846b46,elyse,2026-05-22,15:46:44,-07:00,2026-05-22T15:46:44-07:00,0,15
styles.css,384,css,08846b46,elyse,2026-05-22,15:46:44,-07:00,2026-05-22T15:46:44-07:00,1,13
styles.css,385,css,08846b46,elyse,2026-05-22,15:46:44,-07:00,2026-05-22T15:46:44-07:00,1,16
styles.css,386,css,08846b46,elyse,2026-05-22,15:46:44,-07:00,2026-05-22T15:46:44-07:00,1,11
styles.css,387,css,08846b46,elyse,2026-05-22,15:46:44,-07:00,2026-05-22T15:46:44-07:00,0,0
styles.css,388,css,08846b46,elyse,2026-05-22,15:46:44,-07:00,2026-05-22T15:46:44-07:00,0,0
styles.css,389,css,a844236b,elyse,2026-05-22,15:39:44,-07:00,2026-05-22T15:39:44-07:00,0,9
styles.css,390,css,a844236b,elyse,2026-05-22,15:39:44,-07:00,2026-05-22T15:39:44-07:00,1,13
styles.css,391,css,08846b46,elyse,2026-05-22,15:46:44,-07:00,2026-05-22T15:46:44-07:00,1,12
styles.css,392,css,08846b46,elyse,2026-05-22,15:46:44,-07:00,2026-05-22T15:46:44-07:00,1,14
styles.css,393,css,08846b46,elyse,2026-05-22,15:46:44,-07:00,2026-05-22T15:46:44-07:00,1,17
styles.css,394,css,08846b46,elyse,2026-05-22,15:46:44,-07:00,2026-05-22T15:46:44-07:00,1,19
styles.css,395,css,08846b46,elyse,2026-05-22,15:46:44,-07:00,2026-05-22T15:46:44-07:00,1,10
styles.css,396,css,08846b46,elyse,2026-05-22,15:46:44,-07:00,2026-05-22T15:46:44-07:00,1,17
styles.css,397,css,08846b46,elyse,2026-05-22,15:46:44,-07:00,2026-05-22T15:46:44-07:00,1,13
styles.css,398,css,08846b46,elyse,2026-05-22,15:46:44,-07:00,2026-05-22T15:46:44-07:00,0,0
styles.css,399,css,08846b46,elyse,2026-05-22,15:46:44,-07:00,2026-05-22T15:46:44-07:00,0,0
styles.css,400,css,08846b46,elyse,2026-05-22,15:46:44,-07:00,2026-05-22T15:46:44-07:00,0,4
styles.css,401,css,08846b46,elyse,2026-05-22,15:46:44,-07:00,2026-05-22T15:46:44-07:00,1,12
styles.css,402,css,08846b46,elyse,2026-05-22,15:46:44,-07:00,2026-05-22T15:46:44-07:00,1,11
styles.css,403,css,08846b46,elyse,2026-05-22,15:46:44,-07:00,2026-05-22T15:46:44-07:00,1,14
styles.css,404,css,08846b46,elyse,2026-05-22,15:46:44,-07:00,2026-05-22T15:46:44-07:00,1,23
styles.css,405,css,08846b46,elyse,2026-05-22,15:46:44,-07:00,2026-05-22T15:46:44-07:00,1,17
styles.css,406,css,a844236b,elyse,2026-05-22,15:39:44,-07:00,2026-05-22T15:39:44-07:00,0,0
index.js,1,js,23d35a5b,elyse,2026-04-24,18:38:23,-07:00,2026-04-24T18:38:23-07:00,0,54
index.js,2,js,23d35a5b,elyse,2026-04-24,18:38:23,-07:00,2026-04-24T18:38:23-07:00,0,44
index.js,3,js,23d35a5b,elyse,2026-04-24,18:38:23,-07:00,2026-04-24T18:38:23-07:00,0,54
index.js,4,js,23d35a5b,elyse,2026-04-24,18:38:23,-07:00,2026-04-24T18:38:23-07:00,0,42
index.js,5,js,23d35a5b,elyse,2026-04-24,18:38:23,-07:00,2026-04-24T18:38:23-07:00,0,60
index.js,6,js,23d35a5b,elyse,2026-04-24,18:38:23,-07:00,2026-04-24T18:38:23-07:00,0,54
index.js,7,js,23d35a5b,elyse,2026-04-24,18:38:23,-07:00,2026-04-24T18:38:23-07:00,0,0
index.js,8,js,23d35a5b,elyse,2026-04-24,18:38:23,-07:00,2026-04-24T18:38:23-07:00,0,52
index.js,9,js,23d35a5b,elyse,2026-04-24,18:38:23,-07:00,2026-04-24T18:38:23-07:00,0,60
index.js,10,js,23d35a5b,elyse,2026-04-24,18:38:23,-07:00,2026-04-24T18:38:23-07:00,0,17
index.js,11,js,23d35a5b,elyse,2026-04-24,18:38:23,-07:00,2026-04-24T18:38:23-07:00,1,24
index.js,12,js,23d35a5b,elyse,2026-04-24,18:38:23,-07:00,2026-04-24T18:38:23-07:00,4,2
index.js,13,js,23d35a5b,elyse,2026-04-24,18:38:23,-07:00,2026-04-24T18:38:23-07:00,5,49
index.js,14,js,23d35a5b,elyse,2026-04-24,18:38:23,-07:00,2026-04-24T18:38:23-07:00,5,49
index.js,15,js,23d35a5b,elyse,2026-04-24,18:38:23,-07:00,2026-04-24T18:38:23-07:00,5,55
index.js,16,js,23d35a5b,elyse,2026-04-24,18:38:23,-07:00,2026-04-24T18:38:23-07:00,5,55
index.js,17,js,23d35a5b,elyse,2026-04-24,18:38:23,-07:00,2026-04-24T18:38:23-07:00,4,3
index.js,18,js,23d35a5b,elyse,2026-04-24,18:38:23,-07:00,2026-04-24T18:38:23-07:00,2,0
index.js,19,js,23d35a5b,elyse,2026-04-24,18:38:23,-07:00,2026-04-24T18:38:23-07:00,0,0
index.html,1,html,0bac7d1,elyse,2026-04-08,00:36:29,-07:00,2026-04-08T00:36:29-07:00,0,13
index.html,2,html,0bac7d1,elyse,2026-04-08,00:36:29,-07:00,2026-04-08T00:36:29-07:00,0,14
index.html,3,html,0bac7d1,elyse,2026-04-08,00:36:29,-07:00,2026-04-08T00:36:29-07:00,0,4
index.html,4,html,0bac7d1,elyse,2026-04-08,00:36:29,-07:00,2026-04-08T00:36:29-07:00,2,20
index.html,5,html,0bac7d1,elyse,2026-04-08,00:36:29,-07:00,2026-04-08T00:36:29-07:00,2,68
index.html,6,html,f26a86e8,elyse,2026-04-16,18:37:53,-07:00,2026-04-16T18:37:53-07:00,2,47
index.html,7,html,23d35a5b,elyse,2026-04-24,18:38:23,-07:00,2026-04-24T18:38:23-07:00,2,50
index.html,8,html,603a2353,elyse,2026-04-08,01:33:52,-07:00,2026-04-08T01:33:52-07:00,2,41
index.html,9,html,0bac7d1,elyse,2026-04-08,00:36:29,-07:00,2026-04-08T00:36:29-07:00,2,52
index.html,10,html,0bac7d1,elyse,2026-04-08,00:36:29,-07:00,2026-04-08T00:36:29-07:00,0,5
index.html,11,html,8639e10f,elyse,2026-04-09,13:28:00,-07:00,2026-04-09T13:28:00-07:00,0,22
index.html,12,html,8639e10f,elyse,2026-04-09,13:28:00,-07:00,2026-04-09T13:28:00-07:00,2,22
index.html,13,html,8639e10f,elyse,2026-04-09,13:28:00,-07:00,2026-04-09T13:28:00-07:00,4,24
index.html,14,html,8639e10f,elyse,2026-04-09,13:28:00,-07:00,2026-04-09T13:28:00-07:00,6,17
index.html,15,html,8639e10f,elyse,2026-04-09,13:28:00,-07:00,2026-04-09T13:28:00-07:00,6,78
index.html,16,html,8639e10f,elyse,2026-04-09,13:28:00,-07:00,2026-04-09T13:28:00-07:00,6,163
index.html,17,html,8639e10f,elyse,2026-04-09,13:28:00,-07:00,2026-04-09T13:28:00-07:00,4,7
index.html,18,html,8639e10f,elyse,2026-04-09,13:28:00,-07:00,2026-04-09T13:28:00-07:00,0,0
index.html,19,html,8639e10f,elyse,2026-04-09,13:28:00,-07:00,2026-04-09T13:28:00-07:00,4,58
index.html,20,html,8639e10f,elyse,2026-04-09,13:28:00,-07:00,2026-04-09T13:28:00-07:00,6,31
index.html,21,html,263302ba,elyse,2026-04-09,13:53:49,-07:00,2026-04-09T13:53:49-07:00,6,70
index.html,22,html,263302ba,elyse,2026-04-09,13:53:49,-07:00,2026-04-09T13:53:49-07:00,6,364
index.html,23,html,8639e10f,elyse,2026-04-09,13:28:00,-07:00,2026-04-09T13:28:00-07:00,6,71
index.html,24,html,8639e10f,elyse,2026-04-09,13:28:00,-07:00,2026-04-09T13:28:00-07:00,4,8
index.html,25,html,8639e10f,elyse,2026-04-09,13:28:00,-07:00,2026-04-09T13:28:00-07:00,0,0
index.html,26,html,23d35a5b,elyse,2026-04-24,18:38:23,-07:00,2026-04-24T18:38:23-07:00,4,38
index.html,27,html,23d35a5b,elyse,2026-04-24,18:38:23,-07:00,2026-04-24T18:38:23-07:00,6,30
index.html,28,html,23d35a5b,elyse,2026-04-24,18:38:23,-07:00,2026-04-24T18:38:23-07:00,6,22
index.html,29,html,23d35a5b,elyse,2026-04-24,18:38:23,-07:00,2026-04-24T18:38:23-07:00,8,22
index.html,30,html,23d35a5b,elyse,2026-04-24,18:38:23,-07:00,2026-04-24T18:38:23-07:00,8,7
index.html,31,html,23d35a5b,elyse,2026-04-24,18:38:23,-07:00,2026-04-24T18:38:23-07:00,6,4
index.html,32,html,23d35a5b,elyse,2026-04-24,18:38:23,-07:00,2026-04-24T18:38:23-07:00,4,8
index.html,33,html,23d35a5b,elyse,2026-04-24,18:38:23,-07:00,2026-04-24T18:38:23-07:00,0,0
index.html,34,html,8639e10f,elyse,2026-04-09,13:28:00,-07:00,2026-04-09T13:28:00-07:00,4,23
index.html,35,html,8639e10f,elyse,2026-04-09,13:28:00,-07:00,2026-04-09T13:28:00-07:00,6,46
index.html,36,html,8639e10f,elyse,2026-04-09,13:28:00,-07:00,2026-04-09T13:28:00-07:00,4,7
index.html,37,html,8639e10f,elyse,2026-04-09,13:28:00,-07:00,2026-04-09T13:28:00-07:00,2,5
index.html,38,html,23d35a5b,elyse,2026-04-24,18:38:23,-07:00,2026-04-24T18:38:23-07:00,2,22
index.html,39,html,23d35a5b,elyse,2026-04-24,18:38:23,-07:00,2026-04-24T18:38:23-07:00,2,20
index.html,40,html,23d35a5b,elyse,2026-04-24,18:38:23,-07:00,2026-04-24T18:38:23-07:00,2,4
index.html,41,html,23d35a5b,elyse,2026-04-24,18:38:23,-07:00,2026-04-24T18:38:23-07:00,0,0
index.html,42,html,0bac7d1,elyse,2026-04-08,00:36:29,-07:00,2026-04-08T00:36:29-07:00,0,5
index.html,43,html,8639e10f,elyse,2026-04-09,13:28:00,-07:00,2026-04-09T13:28:00-07:00,0,5
global.js,1,js,f26a86e8,elyse,2026-04-16,18:37:53,-07:00,2026-04-16T18:37:53-07:00,0,28
global.js,2,js,f26a86e8,elyse,2026-04-16,18:37:53,-07:00,2026-04-16T18:37:53-07:00,0,0
global.js,3,js,f26a86e8,elyse,2026-04-16,18:37:53,-07:00,2026-04-16T18:37:53-07:00,0,41
global.js,4,js,f26a86e8,elyse,2026-04-16,18:37:53,-07:00,2026-04-16T18:37:53-07:00,1,52
global.js,5,js,f26a86e8,elyse,2026-04-16,18:37:53,-07:00,2026-04-16T18:37:53-07:00,0,0
global.js,6,js,f26a86e8,elyse,2026-04-16,18:37:53,-07:00,2026-04-16T18:37:53-07:00,0,0
global.js,7,js,f26a86e8,elyse,2026-04-16,18:37:53,-07:00,2026-04-16T18:37:53-07:00,0,88
global.js,8,js,f26a86e8,elyse,2026-04-16,18:37:53,-07:00,2026-04-16T18:37:53-07:00,1,36
global.js,9,js,0cbf2d77,elyse,2026-04-17,19:44:07,-07:00,2026-04-17T19:44:07-07:00,1,48
global.js,10,js,f26a86e8,elyse,2026-04-16,18:37:53,-07:00,2026-04-16T18:37:53-07:00,0,0
global.js,11,js,f26a86e8,elyse,2026-04-16,18:37:53,-07:00,2026-04-16T18:37:53-07:00,0,11
global.js,12,js,f26a86e8,elyse,2026-04-16,18:37:53,-07:00,2026-04-16T18:37:53-07:00,1,25
global.js,13,js,f26a86e8,elyse,2026-04-16,18:37:53,-07:00,2026-04-16T18:37:53-07:00,1,38
global.js,14,js,f26a86e8,elyse,2026-04-16,18:37:53,-07:00,2026-04-16T18:37:53-07:00,1,33
global.js,15,js,f26a86e8,elyse,2026-04-16,18:37:53,-07:00,2026-04-16T18:37:53-07:00,1,36
global.js,16,js,f76d6073,elyse,2026-05-08,15:14:40,-07:00,2026-05-08T15:14:40-07:00,1,30
global.js,17,js,f26a86e8,elyse,2026-04-16,18:37:53,-07:00,2026-04-16T18:37:53-07:00,1,55
global.js,18,js,f26a86e8,elyse,2026-04-16,18:37:53,-07:00,2026-04-16T18:37:53-07:00,0,0
global.js,19,js,f26a86e8,elyse,2026-04-16,18:37:53,-07:00,2026-04-16T18:37:53-07:00,0,38
global.js,20,js,f26a86e8,elyse,2026-04-16,18:37:53,-07:00,2026-04-16T18:37:53-07:00,0,25
global.js,21,js,f26a86e8,elyse,2026-04-16,18:37:53,-07:00,2026-04-16T18:37:53-07:00,0,20
global.js,22,js,f26a86e8,elyse,2026-04-16,18:37:53,-07:00,2026-04-16T18:37:53-07:00,1,14
global.js,23,js,f26a86e8,elyse,2026-04-16,18:37:53,-07:00,2026-04-16T18:37:53-07:00,1,18
global.js,24,js,f26a86e8,elyse,2026-04-16,18:37:53,-07:00,2026-04-16T18:37:53-07:00,1,28
global.js,25,js,f26a86e8,elyse,2026-04-16,18:37:53,-07:00,2026-04-16T18:37:53-07:00,2,20
global.js,26,js,f26a86e8,elyse,2026-04-16,18:37:53,-07:00,2026-04-16T18:37:53-07:00,0,0
global.js,27,js,f26a86e8,elyse,2026-04-16,18:37:53,-07:00,2026-04-16T18:37:53-07:00,1,34
global.js,28,js,f26a86e8,elyse,2026-04-16,18:37:53,-07:00,2026-04-16T18:37:53-07:00,1,11
global.js,29,js,f26a86e8,elyse,2026-04-16,18:37:53,-07:00,2026-04-16T18:37:53-07:00,1,20
global.js,30,js,f26a86e8,elyse,2026-04-16,18:37:53,-07:00,2026-04-16T18:37:53-07:00,1,12
global.js,31,js,f26a86e8,elyse,2026-04-16,18:37:53,-07:00,2026-04-16T18:37:53-07:00,1,65
global.js,32,js,f26a86e8,elyse,2026-04-16,18:37:53,-07:00,2026-04-16T18:37:53-07:00,2,25
global.js,33,js,e4b4b906,elyse,2026-04-16,20:02:37,-07:00,2026-04-16T20:02:37-07:00,1,0
global.js,34,js,e4b4b906,elyse,2026-04-16,20:02:37,-07:00,2026-04-16T20:02:37-07:00,1,61
global.js,35,js,f26a86e8,elyse,2026-04-16,18:37:53,-07:00,2026-04-16T18:37:53-07:00,0,0
global.js,36,js,e4b4b906,elyse,2026-04-16,20:02:37,-07:00,2026-04-16T20:02:37-07:00,0,0
global.js,37,js,e4b4b906,elyse,2026-04-16,20:02:37,-07:00,2026-04-16T20:02:37-07:00,0,31
global.js,38,js,e4b4b906,elyse,2026-04-16,20:02:37,-07:00,2026-04-16T20:02:37-07:00,1,11
global.js,39,js,e4b4b906,elyse,2026-04-16,20:02:37,-07:00,2026-04-16T20:02:37-07:00,1,0
global.js,40,js,e4b4b906,elyse,2026-04-16,20:02:37,-07:00,2026-04-16T20:02:37-07:00,0,26
global.js,41,js,e4b4b906,elyse,2026-04-16,20:02:37,-07:00,2026-04-16T20:02:37-07:00,0,4
global.js,42,js,e4b4b906,elyse,2026-04-16,20:02:37,-07:00,2026-04-16T20:02:37-07:00,4,6
global.js,43,js,e4b4b906,elyse,2026-04-16,20:02:37,-07:00,2026-04-16T20:02:37-07:00,0,121
global.js,44,js,e4b4b906,elyse,2026-04-16,20:02:37,-07:00,2026-04-16T20:02:37-07:00,0,34
global.js,45,js,e4b4b906,elyse,2026-04-16,20:02:37,-07:00,2026-04-16T20:02:37-07:00,0,32
global.js,46,js,e4b4b906,elyse,2026-04-16,20:02:37,-07:00,2026-04-16T20:02:37-07:00,0,7
global.js,47,js,e4b4b906,elyse,2026-04-16,20:02:37,-07:00,2026-04-16T20:02:37-07:00,0,8
global.js,48,js,e4b4b906,elyse,2026-04-16,20:02:37,-07:00,2026-04-16T20:02:37-07:00,0,0
global.js,49,js,e4b4b906,elyse,2026-04-16,20:02:37,-07:00,2026-04-16T20:02:37-07:00,0,0
global.js,50,js,e4b4b906,elyse,2026-04-16,20:02:37,-07:00,2026-04-16T20:02:37-07:00,0,60
global.js,51,js,e4b4b906,elyse,2026-04-16,20:02:37,-07:00,2026-04-16T20:02:37-07:00,0,0
global.js,52,js,e4b4b906,elyse,2026-04-16,20:02:37,-07:00,2026-04-16T20:02:37-07:00,0,36
global.js,53,js,e4b4b906,elyse,2026-04-16,20:02:37,-07:00,2026-04-16T20:02:37-07:00,1,25
global.js,54,js,e4b4b906,elyse,2026-04-16,20:02:37,-07:00,2026-04-16T20:02:37-07:00,1,37
global.js,55,js,e4b4b906,elyse,2026-04-16,20:02:37,-07:00,2026-04-16T20:02:37-07:00,1,70
global.js,56,js,f26a86e8,elyse,2026-04-16,18:37:53,-07:00,2026-04-16T18:37:53-07:00,0,0
global.js,57,js,f26a86e8,elyse,2026-04-16,18:37:53,-07:00,2026-04-16T18:37:53-07:00,0,0
global.js,58,js,e4b4b906,elyse,2026-04-16,20:02:37,-07:00,2026-04-16T20:02:37-07:00,0,34
global.js,59,js,e4b4b906,elyse,2026-04-16,20:02:37,-07:00,2026-04-16T20:02:37-07:00,1,39
global.js,60,js,e4b4b906,elyse,2026-04-16,20:02:37,-07:00,2026-04-16T20:02:37-07:00,0,0
global.js,61,js,e4b4b906,elyse,2026-04-16,20:02:37,-07:00,2026-04-16T20:02:37-07:00,0,0
global.js,62,js,e4b4b906,elyse,2026-04-16,20:02:37,-07:00,2026-04-16T20:02:37-07:00,0,49
global.js,63,js,e4b4b906,elyse,2026-04-16,20:02:37,-07:00,2026-04-16T20:02:37-07:00,1,57
global.js,64,js,e4b4b906,elyse,2026-04-16,20:02:37,-07:00,2026-04-16T20:02:37-07:00,1,33
global.js,65,js,e4b4b906,elyse,2026-04-16,20:02:37,-07:00,2026-04-16T20:02:37-07:00,0,1
global.js,66,js,e4b4b906,elyse,2026-04-16,20:02:37,-07:00,2026-04-16T20:02:37-07:00,0,0
global.js,67,js,e4b4b906,elyse,2026-04-16,20:02:37,-07:00,2026-04-16T20:02:37-07:00,0,61
global.js,68,js,e4b4b906,elyse,2026-04-16,20:02:37,-07:00,2026-04-16T20:02:37-07:00,0,49
global.js,69,js,e4b4b906,elyse,2026-04-16,20:02:37,-07:00,2026-04-16T20:02:37-07:00,1,21
global.js,70,js,e4b4b906,elyse,2026-04-16,20:02:37,-07:00,2026-04-16T20:02:37-07:00,1,0
global.js,71,js,e4b4b906,elyse,2026-04-16,20:02:37,-07:00,2026-04-16T20:02:37-07:00,1,30
global.js,72,js,e4b4b906,elyse,2026-04-16,20:02:37,-07:00,2026-04-16T20:02:37-07:00,1,26
global.js,73,js,e4b4b906,elyse,2026-04-16,20:02:37,-07:00,2026-04-16T20:02:37-07:00,1,0
global.js,74,js,e4b4b906,elyse,2026-04-16,20:02:37,-07:00,2026-04-16T20:02:37-07:00,1,16
global.js,75,js,e4b4b906,elyse,2026-04-16,20:02:37,-07:00,2026-04-16T20:02:37-07:00,1,31
global.js,76,js,e4b4b906,elyse,2026-04-16,20:02:37,-07:00,2026-04-16T20:02:37-07:00,2,70
global.js,77,js,e4b4b906,elyse,2026-04-16,20:02:37,-07:00,2026-04-16T20:02:37-07:00,1,0
global.js,78,js,e4b4b906,elyse,2026-04-16,20:02:37,-07:00,2026-04-16T20:02:37-07:00,1,0
global.js,79,js,e4b4b906,elyse,2026-04-16,20:02:37,-07:00,2026-04-16T20:02:37-07:00,1,22
global.js,80,js,e4b4b906,elyse,2026-04-16,20:02:37,-07:00,2026-04-16T20:02:37-07:00,1,18
global.js,81,js,e4b4b906,elyse,2026-04-16,20:02:37,-07:00,2026-04-16T20:02:37-07:00,0,1
global.js,82,js,e4b4b906,elyse,2026-04-16,20:02:37,-07:00,2026-04-16T20:02:37-07:00,0,0
global.js,83,js,23d35a5b,elyse,2026-04-24,18:38:23,-07:00,2026-04-24T18:38:23-07:00,0,36
global.js,84,js,23d35a5b,elyse,2026-04-24,18:38:23,-07:00,2026-04-24T18:38:23-07:00,1,3
global.js,85,js,23d35a5b,elyse,2026-04-24,18:38:23,-07:00,2026-04-24T18:38:23-07:00,2,39
global.js,86,js,23d35a5b,elyse,2026-04-24,18:38:23,-07:00,2026-04-24T18:38:23-07:00,2,32
global.js,87,js,23d35a5b,elyse,2026-04-24,18:38:23,-07:00,2026-04-24T18:38:23-07:00,2,17
global.js,88,js,23d35a5b,elyse,2026-04-24,18:38:23,-07:00,2026-04-24T18:38:23-07:00,3,66
global.js,89,js,23d35a5b,elyse,2026-04-24,18:38:23,-07:00,2026-04-24T18:38:23-07:00,2,0
global.js,90,js,23d35a5b,elyse,2026-04-24,18:38:23,-07:00,2026-04-24T18:38:23-07:00,2,33
global.js,91,js,23d35a5b,elyse,2026-04-24,18:38:23,-07:00,2026-04-24T18:38:23-07:00,2,10
global.js,92,js,23d35a5b,elyse,2026-04-24,18:38:23,-07:00,2026-04-24T18:38:23-07:00,1,15
global.js,93,js,23d35a5b,elyse,2026-04-24,18:38:23,-07:00,2026-04-24T18:38:23-07:00,2,59
global.js,94,js,23d35a5b,elyse,2026-04-24,18:38:23,-07:00,2026-04-24T18:38:23-07:00,1,0
global.js,95,js,23d35a5b,elyse,2026-04-24,18:38:23,-07:00,2026-04-24T18:38:23-07:00,0,0
global.js,96,js,23d35a5b,elyse,2026-04-24,18:38:23,-07:00,2026-04-24T18:38:23-07:00,0,0
global.js,97,js,23d35a5b,elyse,2026-04-24,18:38:23,-07:00,2026-04-24T18:38:23-07:00,0,78
global.js,98,js,23d35a5b,elyse,2026-04-24,18:38:23,-07:00,2026-04-24T18:38:23-07:00,1,30
global.js,99,js,35bb70ce,elyse,2026-04-24,22:17:38,-07:00,2026-04-24T22:17:38-07:00,0,0
global.js,100,js,35bb70ce,elyse,2026-04-24,22:17:38,-07:00,2026-04-24T22:17:38-07:00,1,133
global.js,101,js,35bb70ce,elyse,2026-04-24,22:17:38,-07:00,2026-04-24T22:17:38-07:00,0,0
global.js,102,js,23d35a5b,elyse,2026-04-24,18:38:23,-07:00,2026-04-24T18:38:23-07:00,1,22
global.js,103,js,35bb70ce,elyse,2026-04-24,22:17:38,-07:00,2026-04-24T22:17:38-07:00,2,26
global.js,104,js,35bb70ce,elyse,2026-04-24,22:17:38,-07:00,2026-04-24T22:17:38-07:00,3,30
global.js,105,js,35bb70ce,elyse,2026-04-24,22:17:38,-07:00,2026-04-24T22:17:38-07:00,3,8
global.js,106,js,5b6effe7,elyse,2026-05-01,16:08:39,-07:00,2026-05-01T16:08:39-07:00,2,106
global.js,107,js,35bb70ce,elyse,2026-04-24,22:17:38,-07:00,2026-04-24T22:17:38-07:00,0,0
global.js,108,js,23d35a5b,elyse,2026-04-24,18:38:23,-07:00,2026-04-24T18:38:23-07:00,2,48
global.js,109,js,23d35a5b,elyse,2026-04-24,18:38:23,-07:00,2026-04-24T18:38:23-07:00,2,19
global.js,110,js,23d35a5b,elyse,2026-04-24,18:38:23,-07:00,2026-04-24T18:38:23-07:00,3,43
global.js,111,js,35bb70ce,elyse,2026-04-24,22:17:38,-07:00,2026-04-24T22:17:38-07:00,3,39
global.js,112,js,5b6effe7,elyse,2026-05-01,16:08:39,-07:00,2026-05-01T16:08:39-07:00,3,24
global.js,113,js,5b6effe7,elyse,2026-05-01,16:08:39,-07:00,2026-05-01T16:08:39-07:00,4,21
global.js,114,js,5b6effe7,elyse,2026-05-01,16:08:39,-07:00,2026-05-01T16:08:39-07:00,4,11
global.js,115,js,5b6effe7,elyse,2026-05-01,16:08:39,-07:00,2026-05-01T16:08:39-07:00,3,4
global.js,116,js,23d35a5b,elyse,2026-04-24,18:38:23,-07:00,2026-04-24T18:38:23-07:00,1,0
global.js,117,js,23d35a5b,elyse,2026-04-24,18:38:23,-07:00,2026-04-24T18:38:23-07:00,2,36
global.js,118,js,23d35a5b,elyse,2026-04-24,18:38:23,-07:00,2026-04-24T18:38:23-07:00,1,0
global.js,119,js,23d35a5b,elyse,2026-04-24,18:38:23,-07:00,2026-04-24T18:38:23-07:00,0,0
global.js,120,js,23d35a5b,elyse,2026-04-24,18:38:23,-07:00,2026-04-24T18:38:23-07:00,0,0
global.js,121,js,23d35a5b,elyse,2026-04-24,18:38:23,-07:00,2026-04-24T18:38:23-07:00,0,47
global.js,122,js,23d35a5b,elyse,2026-04-24,18:38:23,-07:00,2026-04-24T18:38:23-07:00,1,59
global.js,123,js,23d35a5b,elyse,2026-04-24,18:38:23,-07:00,2026-04-24T18:38:23-07:00,0,0
global.js,124,js,f26a86e8,elyse,2026-04-16,18:37:53,-07:00,2026-04-16T18:37:53-07:00,0,0
projects/projects.js,1,js,23d35a5b,elyse,2026-04-24,18:38:23,-07:00,2026-04-24T18:38:23-07:00,0,55
projects/projects.js,2,js,5b6effe7,elyse,2026-05-01,16:08:39,-07:00,2026-05-01T16:08:39-07:00,0,63
projects/projects.js,3,js,5b6effe7,elyse,2026-05-01,16:08:39,-07:00,2026-05-01T16:08:39-07:00,0,0
projects/projects.js,4,js,23d35a5b,elyse,2026-04-24,18:38:23,-07:00,2026-04-24T18:38:23-07:00,0,55
projects/projects.js,5,js,23d35a5b,elyse,2026-04-24,18:38:23,-07:00,2026-04-24T18:38:23-07:00,0,60
projects/projects.js,6,js,23d35a5b,elyse,2026-04-24,18:38:23,-07:00,2026-04-24T18:38:23-07:00,0,61
projects/projects.js,7,js,23d35a5b,elyse,2026-04-24,18:38:23,-07:00,2026-04-24T18:38:23-07:00,0,40
projects/projects.js,8,js,23d35a5b,elyse,2026-04-24,18:38:23,-07:00,2026-04-24T18:38:23-07:00,1,55
projects/projects.js,9,js,23d35a5b,elyse,2026-04-24,18:38:23,-07:00,2026-04-24T18:38:23-07:00,0,6
projects/projects.js,10,js,23d35a5b,elyse,2026-04-24,18:38:23,-07:00,2026-04-24T18:38:23-07:00,1,36
projects/projects.js,11,js,23d35a5b,elyse,2026-04-24,18:38:23,-07:00,2026-04-24T18:38:23-07:00,0,0
projects/projects.js,12,js,5b6effe7,elyse,2026-05-01,16:08:39,-07:00,2026-05-01T16:08:39-07:00,0,0
projects/projects.js,13,js,5b6effe7,elyse,2026-05-01,16:08:39,-07:00,2026-05-01T16:08:39-07:00,0,55
projects/projects.js,14,js,5b6effe7,elyse,2026-05-01,16:08:39,-07:00,2026-05-01T16:08:39-07:00,0,19
projects/projects.js,15,js,5b6effe7,elyse,2026-05-01,16:08:39,-07:00,2026-05-01T16:08:39-07:00,0,22
projects/projects.js,16,js,5b6effe7,elyse,2026-05-01,16:08:39,-07:00,2026-05-01T16:08:39-07:00,0,0
projects/projects.js,17,js,5b6effe7,elyse,2026-05-01,16:08:39,-07:00,2026-05-01T16:08:39-07:00,0,38
projects/projects.js,18,js,5b6effe7,elyse,2026-05-01,16:08:39,-07:00,2026-05-01T16:08:39-07:00,1,51
projects/projects.js,19,js,5b6effe7,elyse,2026-05-01,16:08:39,-07:00,2026-05-01T16:08:39-07:00,1,28
projects/projects.js,20,js,5b6effe7,elyse,2026-05-01,16:08:39,-07:00,2026-05-01T16:08:39-07:00,1,35
projects/projects.js,21,js,5b6effe7,elyse,2026-05-01,16:08:39,-07:00,2026-05-01T16:08:39-07:00,2,61
projects/projects.js,22,js,5b6effe7,elyse,2026-05-01,16:08:39,-07:00,2026-05-01T16:08:39-07:00,2,24
projects/projects.js,23,js,5b6effe7,elyse,2026-05-01,16:08:39,-07:00,2026-05-01T16:08:39-07:00,1,1
projects/projects.js,24,js,5b6effe7,elyse,2026-05-01,16:08:39,-07:00,2026-05-01T16:08:39-07:00,0,0
projects/projects.js,25,js,5b6effe7,elyse,2026-05-01,16:08:39,-07:00,2026-05-01T16:08:39-07:00,0,0
projects/projects.js,26,js,5b6effe7,elyse,2026-05-01,16:08:39,-07:00,2026-05-01T16:08:39-07:00,0,38
projects/projects.js,27,js,5b6effe7,elyse,2026-05-01,16:08:39,-07:00,2026-05-01T16:08:39-07:00,1,31
projects/projects.js,28,js,5b6effe7,elyse,2026-05-01,16:08:39,-07:00,2026-05-01T16:08:39-07:00,2,12
projects/projects.js,29,js,5b6effe7,elyse,2026-05-01,16:08:39,-07:00,2026-05-01T16:08:39-07:00,2,14
projects/projects.js,30,js,5b6effe7,elyse,2026-05-01,16:08:39,-07:00,2026-05-01T16:08:39-07:00,2,12
projects/projects.js,31,js,5b6effe7,elyse,2026-05-01,16:08:39,-07:00,2026-05-01T16:08:39-07:00,1,0
projects/projects.js,32,js,5b6effe7,elyse,2026-05-01,16:08:39,-07:00,2026-05-01T16:08:39-07:00,1,53
projects/projects.js,33,js,5b6effe7,elyse,2026-05-01,16:08:39,-07:00,2026-05-01T16:08:39-07:00,2,11
projects/projects.js,34,js,5b6effe7,elyse,2026-05-01,16:08:39,-07:00,2026-05-01T16:08:39-07:00,2,10
projects/projects.js,35,js,5b6effe7,elyse,2026-05-01,16:08:39,-07:00,2026-05-01T16:08:39-07:00,1,2
projects/projects.js,36,js,5b6effe7,elyse,2026-05-01,16:08:39,-07:00,2026-05-01T16:08:39-07:00,0,0
projects/projects.js,37,js,5b6effe7,elyse,2026-05-01,16:08:39,-07:00,2026-05-01T16:08:39-07:00,1,59
projects/projects.js,38,js,5b6effe7,elyse,2026-05-01,16:08:39,-07:00,2026-05-01T16:08:39-07:00,1,55
projects/projects.js,39,js,5b6effe7,elyse,2026-05-01,16:08:39,-07:00,2026-05-01T16:08:39-07:00,1,44
projects/projects.js,40,js,5b6effe7,elyse,2026-05-01,16:08:39,-07:00,2026-05-01T16:08:39-07:00,1,53
projects/projects.js,41,js,5b6effe7,elyse,2026-05-01,16:08:39,-07:00,2026-05-01T16:08:39-07:00,0,0
projects/projects.js,42,js,5b6effe7,elyse,2026-05-01,16:08:39,-07:00,2026-05-01T16:08:39-07:00,1,57
projects/projects.js,43,js,5b6effe7,elyse,2026-05-01,16:08:39,-07:00,2026-05-01T16:08:39-07:00,1,44
projects/projects.js,44,js,5b6effe7,elyse,2026-05-01,16:08:39,-07:00,2026-05-01T16:08:39-07:00,0,0
projects/projects.js,45,js,5b6effe7,elyse,2026-05-01,16:08:39,-07:00,2026-05-01T16:08:39-07:00,1,49
projects/projects.js,46,js,5b6effe7,elyse,2026-05-01,16:08:39,-07:00,2026-05-01T16:08:39-07:00,0,0
projects/projects.js,47,js,5b6effe7,elyse,2026-05-01,16:08:39,-07:00,2026-05-01T16:08:39-07:00,1,29
projects/projects.js,48,js,5b6effe7,elyse,2026-05-01,16:08:39,-07:00,2026-05-01T16:08:39-07:00,2,30
projects/projects.js,49,js,5b6effe7,elyse,2026-05-01,16:08:39,-07:00,2026-05-01T16:08:39-07:00,2,29
projects/projects.js,50,js,5b6effe7,elyse,2026-05-01,16:08:39,-07:00,2026-05-01T16:08:39-07:00,3,13
projects/projects.js,51,js,5b6effe7,elyse,2026-05-01,16:08:39,-07:00,2026-05-01T16:08:39-07:00,3,13
projects/projects.js,52,js,5b6effe7,elyse,2026-05-01,16:08:39,-07:00,2026-05-01T16:08:39-07:00,3,24
projects/projects.js,53,js,5b6effe7,elyse,2026-05-01,16:08:39,-07:00,2026-05-01T16:08:39-07:00,3,80
projects/projects.js,54,js,5b6effe7,elyse,2026-05-01,16:08:39,-07:00,2026-05-01T16:08:39-07:00,3,25
projects/projects.js,55,js,5b6effe7,elyse,2026-05-01,16:08:39,-07:00,2026-05-01T16:08:39-07:00,3,18
projects/projects.js,56,js,5b6effe7,elyse,2026-05-01,16:08:39,-07:00,2026-05-01T16:08:39-07:00,4,49
projects/projects.js,57,js,5b6effe7,elyse,2026-05-01,16:08:39,-07:00,2026-05-01T16:08:39-07:00,4,17
projects/projects.js,58,js,5b6effe7,elyse,2026-05-01,16:08:39,-07:00,2026-05-01T16:08:39-07:00,3,1
projects/projects.js,59,js,5b6effe7,elyse,2026-05-01,16:08:39,-07:00,2026-05-01T16:08:39-07:00,1,1
projects/projects.js,60,js,5b6effe7,elyse,2026-05-01,16:08:39,-07:00,2026-05-01T16:08:39-07:00,0,0
projects/projects.js,61,js,5b6effe7,elyse,2026-05-01,16:08:39,-07:00,2026-05-01T16:08:39-07:00,1,34
projects/projects.js,62,js,5b6effe7,elyse,2026-05-01,16:08:39,-07:00,2026-05-01T16:08:39-07:00,1,27
projects/projects.js,63,js,5b6effe7,elyse,2026-05-01,16:08:39,-07:00,2026-05-01T16:08:39-07:00,2,4
projects/projects.js,64,js,5b6effe7,elyse,2026-05-01,16:08:39,-07:00,2026-05-01T16:08:39-07:00,3,11
projects/projects.js,65,js,5b6effe7,elyse,2026-05-01,16:08:39,-07:00,2026-05-01T16:08:39-07:00,3,38
projects/projects.js,66,js,5b6effe7,elyse,2026-05-01,16:08:39,-07:00,2026-05-01T16:08:39-07:00,3,69
projects/projects.js,67,js,5b6effe7,elyse,2026-05-01,16:08:39,-07:00,2026-05-01T16:08:39-07:00,1,1
projects/projects.js,68,js,5b6effe7,elyse,2026-05-01,16:08:39,-07:00,2026-05-01T16:08:39-07:00,0,0
projects/projects.js,69,js,5b6effe7,elyse,2026-05-01,16:08:39,-07:00,2026-05-01T16:08:39-07:00,0,0
projects/projects.js,70,js,5b6effe7,elyse,2026-05-01,16:08:39,-07:00,2026-05-01T16:08:39-07:00,0,27
projects/projects.js,71,js,5b6effe7,elyse,2026-05-01,16:08:39,-07:00,2026-05-01T16:08:39-07:00,1,45
projects/projects.js,72,js,5b6effe7,elyse,2026-05-01,16:08:39,-07:00,2026-05-01T16:08:39-07:00,1,19
projects/projects.js,73,js,5b6effe7,elyse,2026-05-01,16:08:39,-07:00,2026-05-01T16:08:39-07:00,1,26
projects/projects.js,74,js,5b6effe7,elyse,2026-05-01,16:08:39,-07:00,2026-05-01T16:08:39-07:00,2,49
projects/projects.js,75,js,5b6effe7,elyse,2026-05-01,16:08:39,-07:00,2026-05-01T16:08:39-07:00,1,0
projects/projects.js,76,js,5b6effe7,elyse,2026-05-01,16:08:39,-07:00,2026-05-01T16:08:39-07:00,1,44
projects/projects.js,77,js,5b6effe7,elyse,2026-05-01,16:08:39,-07:00,2026-05-01T16:08:39-07:00,0,0
projects/projects.js,78,js,5b6effe7,elyse,2026-05-01,16:08:39,-07:00,2026-05-01T16:08:39-07:00,0,0
projects/projects.js,79,js,5b6effe7,elyse,2026-05-01,16:08:39,-07:00,2026-05-01T16:08:39-07:00,0,17
projects/projects.js,80,js,5b6effe7,elyse,2026-05-01,16:08:39,-07:00,2026-05-01T16:08:39-07:00,0,0
projects/projects.js,81,js,5b6effe7,elyse,2026-05-01,16:08:39,-07:00,2026-05-01T16:08:39-07:00,0,49
projects/projects.js,82,js,5b6effe7,elyse,2026-05-01,16:08:39,-07:00,2026-05-01T16:08:39-07:00,1,31
projects/projects.js,83,js,5b6effe7,elyse,2026-05-01,16:08:39,-07:00,2026-05-01T16:08:39-07:00,1,17
projects/projects.js,84,js,5b6effe7,elyse,2026-05-01,16:08:39,-07:00,2026-05-01T16:08:39-07:00,0,1
projects/index.html,1,html,0bac7d1,elyse,2026-04-08,00:36:29,-07:00,2026-04-08T00:36:29-07:00,0,13
projects/index.html,2,html,0bac7d1,elyse,2026-04-08,00:36:29,-07:00,2026-04-08T00:36:29-07:00,0,14
projects/index.html,3,html,0bac7d1,elyse,2026-04-08,00:36:29,-07:00,2026-04-08T00:36:29-07:00,0,4
projects/index.html,4,html,0bac7d1,elyse,2026-04-08,00:36:29,-07:00,2026-04-08T00:36:29-07:00,2,20
projects/index.html,5,html,0bac7d1,elyse,2026-04-08,00:36:29,-07:00,2026-04-08T00:36:29-07:00,2,68
projects/index.html,6,html,a73173ed,elyse,2026-04-08,01:14:18,-07:00,2026-04-08T01:14:18-07:00,2,44
projects/index.html,7,html,f26a86e8,elyse,2026-04-16,18:37:53,-07:00,2026-04-16T18:37:53-07:00,2,48
projects/index.html,8,html,9b33ddd6,elyse,2026-04-24,22:11:06,-07:00,2026-04-24T22:11:06-07:00,2,47
projects/index.html,9,html,0bac7d1,elyse,2026-04-08,00:36:29,-07:00,2026-04-08T00:36:29-07:00,2,21
projects/index.html,10,html,0bac7d1,elyse,2026-04-08,00:36:29,-07:00,2026-04-08T00:36:29-07:00,0,5
projects/index.html,11,html,0bac7d1,elyse,2026-04-08,00:36:29,-07:00,2026-04-08T00:36:29-07:00,0,4
projects/index.html,12,html,9b33ddd6,elyse,2026-04-24,22:11:06,-07:00,2026-04-24T22:11:06-07:00,2,38
projects/index.html,13,html,5b6effe7,elyse,2026-05-01,16:08:39,-07:00,2026-05-01T16:08:39-07:00,2,21
projects/index.html,14,html,5b6effe7,elyse,2026-05-01,16:08:39,-07:00,2026-05-01T16:08:39-07:00,4,58
projects/index.html,15,html,5b6effe7,elyse,2026-05-01,16:08:39,-07:00,2026-05-01T16:08:39-07:00,4,22
projects/index.html,16,html,5b6effe7,elyse,2026-05-01,16:08:39,-07:00,2026-05-01T16:08:39-07:00,2,4
projects/index.html,17,html,5b6effe7,elyse,2026-05-01,16:08:39,-07:00,2026-05-01T16:08:39-07:00,2,4
projects/index.html,18,html,5b6effe7,elyse,2026-05-01,16:08:39,-07:00,2026-05-01T16:08:39-07:00,4,15
projects/index.html,19,html,5b6effe7,elyse,2026-05-01,16:08:39,-07:00,2026-05-01T16:08:39-07:00,4,11
projects/index.html,20,html,5b6effe7,elyse,2026-05-01,16:08:39,-07:00,2026-05-01T16:08:39-07:00,4,26
projects/index.html,21,html,5b6effe7,elyse,2026-05-01,16:08:39,-07:00,2026-05-01T16:08:39-07:00,4,31
projects/index.html,22,html,5b6effe7,elyse,2026-05-01,16:08:39,-07:00,2026-05-01T16:08:39-07:00,2,0
projects/index.html,23,html,0bac7d1,elyse,2026-04-08,00:36:29,-07:00,2026-04-08T00:36:29-07:00,2,20
projects/index.html,24,html,0bac7d1,elyse,2026-04-08,00:36:29,-07:00,2026-04-08T00:36:29-07:00,2,4
projects/index.html,25,html,5b6effe7,elyse,2026-05-01,16:08:39,-07:00,2026-05-01T16:08:39-07:00,0,0
projects/index.html,26,html,0bac7d1,elyse,2026-04-08,00:36:29,-07:00,2026-04-08T00:36:29-07:00,0,5
projects/index.html,27,html,0bac7d1,elyse,2026-04-08,00:36:29,-07:00,2026-04-08T00:36:29-07:00,0,5
meta/meta.js,1,js,a844236b,elyse,2026-05-22,15:39:44,-07:00,2026-05-22T15:39:44-07:00,0,63
meta/meta.js,2,js,4d106a45,elyse,2026-05-22,16:03:41,-07:00,2026-05-22T16:03:41-07:00,0,72
meta/meta.js,3,js,a844236b,elyse,2026-05-22,15:39:44,-07:00,2026-05-22T15:39:44-07:00,0,0
meta/meta.js,4,js,a844236b,elyse,2026-05-22,15:39:44,-07:00,2026-05-22T15:39:44-07:00,0,25
meta/meta.js,5,js,a844236b,elyse,2026-05-22,15:39:44,-07:00,2026-05-22T15:39:44-07:00,1,46
meta/meta.js,6,js,a844236b,elyse,2026-05-22,15:39:44,-07:00,2026-05-22T15:39:44-07:00,2,5
meta/meta.js,7,js,a844236b,elyse,2026-05-22,15:39:44,-07:00,2026-05-22T15:39:44-07:00,2,21
meta/meta.js,8,js,a844236b,elyse,2026-05-22,15:39:44,-07:00,2026-05-22T15:39:44-07:00,2,23
meta/meta.js,9,js,a844236b,elyse,2026-05-22,15:39:44,-07:00,2026-05-22T15:39:44-07:00,2,25
meta/meta.js,10,js,a844236b,elyse,2026-05-22,15:39:44,-07:00,2026-05-22T15:39:44-07:00,2,49
meta/meta.js,11,js,a844236b,elyse,2026-05-22,15:39:44,-07:00,2026-05-22T15:39:44-07:00,2,31
meta/meta.js,12,js,a844236b,elyse,2026-05-22,15:39:44,-07:00,2026-05-22T15:39:44-07:00,1,2
meta/meta.js,13,js,a844236b,elyse,2026-05-22,15:39:44,-07:00,2026-05-22T15:39:44-07:00,0,0
meta/meta.js,14,js,a844236b,elyse,2026-05-22,15:39:44,-07:00,2026-05-22T15:39:44-07:00,1,10
meta/meta.js,15,js,a844236b,elyse,2026-05-22,15:39:44,-07:00,2026-05-22T15:39:44-07:00,0,0
meta/meta.js,16,js,a844236b,elyse,2026-05-22,15:39:44,-07:00,2026-05-22T15:39:44-07:00,0,0
meta/meta.js,17,js,a844236b,elyse,2026-05-22,15:39:44,-07:00,2026-05-22T15:39:44-07:00,0,29
meta/meta.js,18,js,a844236b,elyse,2026-05-22,15:39:44,-07:00,2026-05-22T15:39:44-07:00,1,64
meta/meta.js,19,js,a844236b,elyse,2026-05-22,15:39:44,-07:00,2026-05-22T15:39:44-07:00,2,21
meta/meta.js,20,js,a844236b,elyse,2026-05-22,15:39:44,-07:00,2026-05-22T15:39:44-07:00,2,55
meta/meta.js,21,js,a844236b,elyse,2026-05-22,15:39:44,-07:00,2026-05-22T15:39:44-07:00,0,0
meta/meta.js,22,js,a844236b,elyse,2026-05-22,15:39:44,-07:00,2026-05-22T15:39:44-07:00,2,11
meta/meta.js,23,js,a844236b,elyse,2026-05-22,15:39:44,-07:00,2026-05-22T15:39:44-07:00,3,9
meta/meta.js,24,js,00000000,Not Committed Yet,2026-05-22,16:22:47,-07:00,2026-05-22T16:22:47-07:00,3,61
meta/meta.js,25,js,a844236b,elyse,2026-05-22,15:39:44,-07:00,2026-05-22T15:39:44-07:00,3,5
meta/meta.js,26,js,a844236b,elyse,2026-05-22,15:39:44,-07:00,2026-05-22T15:39:44-07:00,3,3
meta/meta.js,27,js,a844236b,elyse,2026-05-22,15:39:44,-07:00,2026-05-22T15:39:44-07:00,3,3
meta/meta.js,28,js,a844236b,elyse,2026-05-22,15:39:44,-07:00,2026-05-22T15:39:44-07:00,3,7
meta/meta.js,29,js,a844236b,elyse,2026-05-22,15:39:44,-07:00,2026-05-22T15:39:44-07:00,3,7
meta/meta.js,30,js,a844236b,elyse,2026-05-22,15:39:44,-07:00,2026-05-22T15:39:44-07:00,3,57
meta/meta.js,31,js,a844236b,elyse,2026-05-22,15:39:44,-07:00,2026-05-22T15:39:44-07:00,3,23
meta/meta.js,32,js,a844236b,elyse,2026-05-22,15:39:44,-07:00,2026-05-22T15:39:44-07:00,2,0
meta/meta.js,33,js,a844236b,elyse,2026-05-22,15:39:44,-07:00,2026-05-22T15:39:44-07:00,0,0
meta/meta.js,34,js,a844236b,elyse,2026-05-22,15:39:44,-07:00,2026-05-22T15:39:44-07:00,2,35
meta/meta.js,35,js,a844236b,elyse,2026-05-22,15:39:44,-07:00,2026-05-22T15:39:44-07:00,3,11
meta/meta.js,36,js,a844236b,elyse,2026-05-22,15:39:44,-07:00,2026-05-22T15:39:44-07:00,3,18
meta/meta.js,37,js,a844236b,elyse,2026-05-22,15:39:44,-07:00,2026-05-22T15:39:44-07:00,3,14
meta/meta.js,38,js,a844236b,elyse,2026-05-22,15:39:44,-07:00,2026-05-22T15:39:44-07:00,3,16
meta/meta.js,39,js,a844236b,elyse,2026-05-22,15:39:44,-07:00,2026-05-22T15:39:44-07:00,2,1
meta/meta.js,40,js,a844236b,elyse,2026-05-22,15:39:44,-07:00,2026-05-22T15:39:44-07:00,0,0
meta/meta.js,41,js,a844236b,elyse,2026-05-22,15:39:44,-07:00,2026-05-22T15:39:44-07:00,2,9
meta/meta.js,42,js,4d106a45,elyse,2026-05-22,16:03:41,-07:00,2026-05-22T16:03:41-07:00,1,54
meta/meta.js,43,js,a844236b,elyse,2026-05-22,15:39:44,-07:00,2026-05-22T15:39:44-07:00,0,0
meta/meta.js,44,js,a844236b,elyse,2026-05-22,15:39:44,-07:00,2026-05-22T15:39:44-07:00,0,0
meta/meta.js,45,js,a844236b,elyse,2026-05-22,15:39:44,-07:00,2026-05-22T15:39:44-07:00,0,43
meta/meta.js,46,js,a844236b,elyse,2026-05-22,15:39:44,-07:00,2026-05-22T15:39:44-07:00,1,56
meta/meta.js,47,js,a844236b,elyse,2026-05-22,15:39:44,-07:00,2026-05-22T15:39:44-07:00,1,19
meta/meta.js,48,js,a844236b,elyse,2026-05-22,15:39:44,-07:00,2026-05-22T15:39:44-07:00,1,26
meta/meta.js,49,js,a844236b,elyse,2026-05-22,15:39:44,-07:00,2026-05-22T15:39:44-07:00,0,0
meta/meta.js,50,js,a844236b,elyse,2026-05-22,15:39:44,-07:00,2026-05-22T15:39:44-07:00,0,0
meta/meta.js,51,js,a844236b,elyse,2026-05-22,15:39:44,-07:00,2026-05-22T15:39:44-07:00,0,37
meta/meta.js,52,js,a844236b,elyse,2026-05-22,15:39:44,-07:00,2026-05-22T15:39:44-07:00,1,56
meta/meta.js,53,js,a844236b,elyse,2026-05-22,15:39:44,-07:00,2026-05-22T15:39:44-07:00,1,19
meta/meta.js,54,js,a844236b,elyse,2026-05-22,15:39:44,-07:00,2026-05-22T15:39:44-07:00,1,40
meta/meta.js,55,js,a844236b,elyse,2026-05-22,15:39:44,-07:00,2026-05-22T15:39:44-07:00,1,39
meta/meta.js,56,js,a844236b,elyse,2026-05-22,15:39:44,-07:00,2026-05-22T15:39:44-07:00,0,0
meta/meta.js,57,js,a844236b,elyse,2026-05-22,15:39:44,-07:00,2026-05-22T15:39:44-07:00,0,0
meta/meta.js,58,js,a844236b,elyse,2026-05-22,15:39:44,-07:00,2026-05-22T15:39:44-07:00,0,37
meta/meta.js,59,js,a844236b,elyse,2026-05-22,15:39:44,-07:00,2026-05-22T15:39:44-07:00,1,44
meta/meta.js,60,js,a844236b,elyse,2026-05-22,15:39:44,-07:00,2026-05-22T15:39:44-07:00,0,0
meta/meta.js,61,js,a844236b,elyse,2026-05-22,15:39:44,-07:00,2026-05-22T15:39:44-07:00,1,29
meta/meta.js,62,js,a844236b,elyse,2026-05-22,15:39:44,-07:00,2026-05-22T15:39:44-07:00,2,4
meta/meta.js,63,js,a844236b,elyse,2026-05-22,15:39:44,-07:00,2026-05-22T15:39:44-07:00,2,30
meta/meta.js,64,js,a844236b,elyse,2026-05-22,15:39:44,-07:00,2026-05-22T15:39:44-07:00,2,12
meta/meta.js,65,js,a844236b,elyse,2026-05-22,15:39:44,-07:00,2026-05-22T15:39:44-07:00,1,0
meta/meta.js,66,js,a844236b,elyse,2026-05-22,15:39:44,-07:00,2026-05-22T15:39:44-07:00,1,57
meta/meta.js,67,js,a844236b,elyse,2026-05-22,15:39:44,-07:00,2026-05-22T15:39:44-07:00,1,50
meta/meta.js,68,js,a844236b,elyse,2026-05-22,15:39:44,-07:00,2026-05-22T15:39:44-07:00,1,60
meta/meta.js,69,js,a844236b,elyse,2026-05-22,15:39:44,-07:00,2026-05-22T15:39:44-07:00,1,48
meta/meta.js,70,js,a844236b,elyse,2026-05-22,15:39:44,-07:00,2026-05-22T15:39:44-07:00,0,0
meta/meta.js,71,js,a844236b,elyse,2026-05-22,15:39:44,-07:00,2026-05-22T15:39:44-07:00,1,6
meta/meta.js,72,js,a844236b,elyse,2026-05-22,15:39:44,-07:00,2026-05-22T15:39:44-07:00,2,42
meta/meta.js,73,js,a844236b,elyse,2026-05-22,15:39:44,-07:00,2026-05-22T15:39:44-07:00,2,31
meta/meta.js,74,js,a844236b,elyse,2026-05-22,15:39:44,-07:00,2026-05-22T15:39:44-07:00,2,42
meta/meta.js,75,js,a844236b,elyse,2026-05-22,15:39:44,-07:00,2026-05-22T15:39:44-07:00,2,38
meta/meta.js,76,js,a844236b,elyse,2026-05-22,15:39:44,-07:00,2026-05-22T15:39:44-07:00,2,50
meta/meta.js,77,js,a844236b,elyse,2026-05-22,15:39:44,-07:00,2026-05-22T15:39:44-07:00,2,42
meta/meta.js,78,js,a844236b,elyse,2026-05-22,15:39:44,-07:00,2026-05-22T15:39:44-07:00,1,0
meta/meta.js,79,js,a844236b,elyse,2026-05-22,15:39:44,-07:00,2026-05-22T15:39:44-07:00,0,0
meta/meta.js,80,js,a844236b,elyse,2026-05-22,15:39:44,-07:00,2026-05-22T15:39:44-07:00,0,0
meta/meta.js,81,js,a844236b,elyse,2026-05-22,15:39:44,-07:00,2026-05-22T15:39:44-07:00,0,34
meta/meta.js,82,js,a844236b,elyse,2026-05-22,15:39:44,-07:00,2026-05-22T15:39:44-07:00,1,79
meta/meta.js,83,js,a844236b,elyse,2026-05-22,15:39:44,-07:00,2026-05-22T15:39:44-07:00,0,0
meta/meta.js,84,js,a844236b,elyse,2026-05-22,15:39:44,-07:00,2026-05-22T15:39:44-07:00,1,37
meta/meta.js,85,js,a844236b,elyse,2026-05-22,15:39:44,-07:00,2026-05-22T15:39:44-07:00,0,0
meta/meta.js,86,js,a844236b,elyse,2026-05-22,15:39:44,-07:00,2026-05-22T15:39:44-07:00,1,41
meta/meta.js,87,js,a844236b,elyse,2026-05-22,15:39:44,-07:00,2026-05-22T15:39:44-07:00,0,0
meta/meta.js,88,js,a844236b,elyse,2026-05-22,15:39:44,-07:00,2026-05-22T15:39:44-07:00,1,65
meta/meta.js,89,js,a844236b,elyse,2026-05-22,15:39:44,-07:00,2026-05-22T15:39:44-07:00,1,16
meta/meta.js,90,js,a844236b,elyse,2026-05-22,15:39:44,-07:00,2026-05-22T15:39:44-07:00,2,25
meta/meta.js,91,js,a844236b,elyse,2026-05-22,15:39:44,-07:00,2026-05-22T15:39:44-07:00,2,26
meta/meta.js,92,js,a844236b,elyse,2026-05-22,15:39:44,-07:00,2026-05-22T15:39:44-07:00,2,14
meta/meta.js,93,js,a844236b,elyse,2026-05-22,15:39:44,-07:00,2026-05-22T15:39:44-07:00,2,29
meta/meta.js,94,js,a844236b,elyse,2026-05-22,15:39:44,-07:00,2026-05-22T15:39:44-07:00,0,0
meta/meta.js,95,js,a844236b,elyse,2026-05-22,15:39:44,-07:00,2026-05-22T15:39:44-07:00,1,68
meta/meta.js,96,js,a844236b,elyse,2026-05-22,15:39:44,-07:00,2026-05-22T15:39:44-07:00,1,68
meta/meta.js,97,js,a844236b,elyse,2026-05-22,15:39:44,-07:00,2026-05-22T15:39:44-07:00,0,0
meta/meta.js,98,js,a844236b,elyse,2026-05-22,15:39:44,-07:00,2026-05-22T15:39:44-07:00,0,0
meta/meta.js,99,js,a844236b,elyse,2026-05-22,15:39:44,-07:00,2026-05-22T15:39:44-07:00,0,34
meta/meta.js,100,js,a844236b,elyse,2026-05-22,15:39:44,-07:00,2026-05-22T15:39:44-07:00,1,41
meta/meta.js,101,js,a844236b,elyse,2026-05-22,15:39:44,-07:00,2026-05-22T15:39:44-07:00,0,0
meta/meta.js,102,js,a844236b,elyse,2026-05-22,15:39:44,-07:00,2026-05-22T15:39:44-07:00,1,31
meta/meta.js,103,js,a844236b,elyse,2026-05-22,15:39:44,-07:00,2026-05-22T15:39:44-07:00,2,25
meta/meta.js,104,js,a844236b,elyse,2026-05-22,15:39:44,-07:00,2026-05-22T15:39:44-07:00,2,26
meta/meta.js,105,js,a844236b,elyse,2026-05-22,15:39:44,-07:00,2026-05-22T15:39:44-07:00,2,23
meta/meta.js,106,js,a844236b,elyse,2026-05-22,15:39:44,-07:00,2026-05-22T15:39:44-07:00,2,20
meta/meta.js,107,js,a844236b,elyse,2026-05-22,15:39:44,-07:00,2026-05-22T15:39:44-07:00,0,0
meta/meta.js,108,js,a844236b,elyse,2026-05-22,15:39:44,-07:00,2026-05-22T15:39:44-07:00,0,0
meta/meta.js,109,js,a844236b,elyse,2026-05-22,15:39:44,-07:00,2026-05-22T15:39:44-07:00,0,9
meta/meta.js,110,js,a844236b,elyse,2026-05-22,15:39:44,-07:00,2026-05-22T15:39:44-07:00,0,9
meta/meta.js,111,js,a844236b,elyse,2026-05-22,15:39:44,-07:00,2026-05-22T15:39:44-07:00,0,0
meta/meta.js,112,js,a844236b,elyse,2026-05-22,15:39:44,-07:00,2026-05-22T15:39:44-07:00,0,41
meta/meta.js,113,js,a844236b,elyse,2026-05-22,15:39:44,-07:00,2026-05-22T15:39:44-07:00,1,17
meta/meta.js,114,js,a844236b,elyse,2026-05-22,15:39:44,-07:00,2026-05-22T15:39:44-07:00,1,17
meta/meta.js,115,js,a844236b,elyse,2026-05-22,15:39:44,-07:00,2026-05-22T15:39:44-07:00,1,58
meta/meta.js,116,js,a844236b,elyse,2026-05-22,15:39:44,-07:00,2026-05-22T15:39:44-07:00,1,18
meta/meta.js,117,js,a844236b,elyse,2026-05-22,15:39:44,-07:00,2026-05-22T15:39:44-07:00,2,14
meta/meta.js,118,js,a844236b,elyse,2026-05-22,15:39:44,-07:00,2026-05-22T15:39:44-07:00,2,26
meta/meta.js,119,js,a844236b,elyse,2026-05-22,15:39:44,-07:00,2026-05-22T15:39:44-07:00,2,29
meta/meta.js,120,js,a844236b,elyse,2026-05-22,15:39:44,-07:00,2026-05-22T15:39:44-07:00,2,16
meta/meta.js,121,js,a844236b,elyse,2026-05-22,15:39:44,-07:00,2026-05-22T15:39:44-07:00,2,40
meta/meta.js,122,js,a844236b,elyse,2026-05-22,15:39:44,-07:00,2026-05-22T15:39:44-07:00,2,42
meta/meta.js,123,js,a844236b,elyse,2026-05-22,15:39:44,-07:00,2026-05-22T15:39:44-07:00,1,0
meta/meta.js,124,js,a844236b,elyse,2026-05-22,15:39:44,-07:00,2026-05-22T15:39:44-07:00,0,0
meta/meta.js,125,js,a844236b,elyse,2026-05-22,15:39:44,-07:00,2026-05-22T15:39:44-07:00,1,44
meta/meta.js,126,js,a844236b,elyse,2026-05-22,15:39:44,-07:00,2026-05-22T15:39:44-07:00,0,0
meta/meta.js,127,js,a844236b,elyse,2026-05-22,15:39:44,-07:00,2026-05-22T15:39:44-07:00,1,60
meta/meta.js,128,js,a844236b,elyse,2026-05-22,15:39:44,-07:00,2026-05-22T15:39:44-07:00,0,0
meta/meta.js,129,js,a844236b,elyse,2026-05-22,15:39:44,-07:00,2026-05-22T15:39:44-07:00,1,63
meta/meta.js,130,js,a844236b,elyse,2026-05-22,15:39:44,-07:00,2026-05-22T15:39:44-07:00,1,27
meta/meta.js,131,js,a844236b,elyse,2026-05-22,15:39:44,-07:00,2026-05-22T15:39:44-07:00,1,37
meta/meta.js,132,js,a844236b,elyse,2026-05-22,15:39:44,-07:00,2026-05-22T15:39:44-07:00,1,15
meta/meta.js,133,js,a844236b,elyse,2026-05-22,15:39:44,-07:00,2026-05-22T15:39:44-07:00,2,10
meta/meta.js,134,js,a844236b,elyse,2026-05-22,15:39:44,-07:00,2026-05-22T15:39:44-07:00,2,78
meta/meta.js,135,js,a844236b,elyse,2026-05-22,15:39:44,-07:00,2026-05-22T15:39:44-07:00,2,14
meta/meta.js,136,js,a844236b,elyse,2026-05-22,15:39:44,-07:00,2026-05-22T15:39:44-07:00,0,0
meta/meta.js,137,js,a844236b,elyse,2026-05-22,15:39:44,-07:00,2026-05-22T15:39:44-07:00,1,34
meta/meta.js,138,js,a844236b,elyse,2026-05-22,15:39:44,-07:00,2026-05-22T15:39:44-07:00,0,0
meta/meta.js,139,js,a844236b,elyse,2026-05-22,15:39:44,-07:00,2026-05-22T15:39:44-07:00,1,40
meta/meta.js,140,js,a844236b,elyse,2026-05-22,15:39:44,-07:00,2026-05-22T15:39:44-07:00,1,33
meta/meta.js,141,js,a844236b,elyse,2026-05-22,15:39:44,-07:00,2026-05-22T15:39:44-07:00,1,21
meta/meta.js,142,js,a844236b,elyse,2026-05-22,15:39:44,-07:00,2026-05-22T15:39:44-07:00,0,0
meta/meta.js,143,js,a844236b,elyse,2026-05-22,15:39:44,-07:00,2026-05-22T15:39:44-07:00,1,32
meta/meta.js,144,js,a844236b,elyse,2026-05-22,15:39:44,-07:00,2026-05-22T15:39:44-07:00,0,0
meta/meta.js,145,js,a844236b,elyse,2026-05-22,15:39:44,-07:00,2026-05-22T15:39:44-07:00,1,59
meta/meta.js,146,js,a844236b,elyse,2026-05-22,15:39:44,-07:00,2026-05-22T15:39:44-07:00,1,2
meta/meta.js,147,js,a844236b,elyse,2026-05-22,15:39:44,-07:00,2026-05-22T15:39:44-07:00,2,18
meta/meta.js,148,js,a844236b,elyse,2026-05-22,15:39:44,-07:00,2026-05-22T15:39:44-07:00,2,31
meta/meta.js,149,js,a844236b,elyse,2026-05-22,15:39:44,-07:00,2026-05-22T15:39:44-07:00,2,13
meta/meta.js,150,js,a844236b,elyse,2026-05-22,15:39:44,-07:00,2026-05-22T15:39:44-07:00,2,36
meta/meta.js,151,js,a844236b,elyse,2026-05-22,15:39:44,-07:00,2026-05-22T15:39:44-07:00,2,36
meta/meta.js,152,js,a844236b,elyse,2026-05-22,15:39:44,-07:00,2026-05-22T15:39:44-07:00,2,37
meta/meta.js,153,js,a844236b,elyse,2026-05-22,15:39:44,-07:00,2026-05-22T15:39:44-07:00,2,40
meta/meta.js,154,js,a844236b,elyse,2026-05-22,15:39:44,-07:00,2026-05-22T15:39:44-07:00,2,24
meta/meta.js,155,js,a844236b,elyse,2026-05-22,15:39:44,-07:00,2026-05-22T15:39:44-07:00,2,25
meta/meta.js,156,js,a844236b,elyse,2026-05-22,15:39:44,-07:00,2026-05-22T15:39:44-07:00,2,36
meta/meta.js,157,js,a844236b,elyse,2026-05-22,15:39:44,-07:00,2026-05-22T15:39:44-07:00,3,54
meta/meta.js,158,js,a844236b,elyse,2026-05-22,15:39:44,-07:00,2026-05-22T15:39:44-07:00,3,27
meta/meta.js,159,js,a844236b,elyse,2026-05-22,15:39:44,-07:00,2026-05-22T15:39:44-07:00,3,28
meta/meta.js,160,js,a844236b,elyse,2026-05-22,15:39:44,-07:00,2026-05-22T15:39:44-07:00,3,27
meta/meta.js,161,js,a844236b,elyse,2026-05-22,15:39:44,-07:00,2026-05-22T15:39:44-07:00,2,0
meta/meta.js,162,js,a844236b,elyse,2026-05-22,15:39:44,-07:00,2026-05-22T15:39:44-07:00,2,28
meta/meta.js,163,js,a844236b,elyse,2026-05-22,15:39:44,-07:00,2026-05-22T15:39:44-07:00,3,56
meta/meta.js,164,js,a844236b,elyse,2026-05-22,15:39:44,-07:00,2026-05-22T15:39:44-07:00,3,29
meta/meta.js,165,js,a844236b,elyse,2026-05-22,15:39:44,-07:00,2026-05-22T15:39:44-07:00,2,1
meta/meta.js,166,js,a844236b,elyse,2026-05-22,15:39:44,-07:00,2026-05-22T15:39:44-07:00,0,0
meta/meta.js,167,js,a844236b,elyse,2026-05-22,15:39:44,-07:00,2026-05-22T15:39:44-07:00,0,0
meta/meta.js,168,js,a844236b,elyse,2026-05-22,15:39:44,-07:00,2026-05-22T15:39:44-07:00,0,41
meta/meta.js,169,js,a844236b,elyse,2026-05-22,15:39:44,-07:00,2026-05-22T15:39:44-07:00,1,17
meta/meta.js,170,js,a844236b,elyse,2026-05-22,15:39:44,-07:00,2026-05-22T15:39:44-07:00,1,17
meta/meta.js,171,js,a844236b,elyse,2026-05-22,15:39:44,-07:00,2026-05-22T15:39:44-07:00,1,12
meta/meta.js,172,js,a844236b,elyse,2026-05-22,15:39:44,-07:00,2026-05-22T15:39:44-07:00,2,15
meta/meta.js,173,js,a844236b,elyse,2026-05-22,15:39:44,-07:00,2026-05-22T15:39:44-07:00,2,12
meta/meta.js,174,js,a844236b,elyse,2026-05-22,15:39:44,-07:00,2026-05-22T15:39:44-07:00,2,40
meta/meta.js,175,js,a844236b,elyse,2026-05-22,15:39:44,-07:00,2026-05-22T15:39:44-07:00,2,28
meta/meta.js,176,js,a844236b,elyse,2026-05-22,15:39:44,-07:00,2026-05-22T15:39:44-07:00,0,0
meta/meta.js,177,js,a844236b,elyse,2026-05-22,15:39:44,-07:00,2026-05-22T15:39:44-07:00,1,58
meta/meta.js,178,js,a844236b,elyse,2026-05-22,15:39:44,-07:00,2026-05-22T15:39:44-07:00,1,18
meta/meta.js,179,js,a844236b,elyse,2026-05-22,15:39:44,-07:00,2026-05-22T15:39:44-07:00,2,14
meta/meta.js,180,js,a844236b,elyse,2026-05-22,15:39:44,-07:00,2026-05-22T15:39:44-07:00,2,26
meta/meta.js,181,js,a844236b,elyse,2026-05-22,15:39:44,-07:00,2026-05-22T15:39:44-07:00,2,29
meta/meta.js,182,js,a844236b,elyse,2026-05-22,15:39:44,-07:00,2026-05-22T15:39:44-07:00,2,16
meta/meta.js,183,js,a844236b,elyse,2026-05-22,15:39:44,-07:00,2026-05-22T15:39:44-07:00,1,0
meta/meta.js,184,js,a844236b,elyse,2026-05-22,15:39:44,-07:00,2026-05-22T15:39:44-07:00,0,0
meta/meta.js,185,js,a844236b,elyse,2026-05-22,15:39:44,-07:00,2026-05-22T15:39:44-07:00,1,9
meta/meta.js,186,js,a844236b,elyse,2026-05-22,15:39:44,-07:00,2026-05-22T15:39:44-07:00,2,10
meta/meta.js,187,js,a844236b,elyse,2026-05-22,15:39:44,-07:00,2026-05-22T15:39:44-07:00,2,44
meta/meta.js,188,js,a844236b,elyse,2026-05-22,15:39:44,-07:00,2026-05-22T15:39:44-07:00,2,41
meta/meta.js,189,js,a844236b,elyse,2026-05-22,15:39:44,-07:00,2026-05-22T15:39:44-07:00,2,6
meta/meta.js,190,js,a844236b,elyse,2026-05-22,15:39:44,-07:00,2026-05-22T15:39:44-07:00,0,0
meta/meta.js,191,js,a844236b,elyse,2026-05-22,15:39:44,-07:00,2026-05-22T15:39:44-07:00,1,9
meta/meta.js,192,js,a844236b,elyse,2026-05-22,15:39:44,-07:00,2026-05-22T15:39:44-07:00,2,12
meta/meta.js,193,js,a844236b,elyse,2026-05-22,15:39:44,-07:00,2026-05-22T15:39:44-07:00,2,14
meta/meta.js,194,js,a844236b,elyse,2026-05-22,15:39:44,-07:00,2026-05-22T15:39:44-07:00,2,42
meta/meta.js,195,js,a844236b,elyse,2026-05-22,15:39:44,-07:00,2026-05-22T15:39:44-07:00,0,0
meta/meta.js,196,js,a844236b,elyse,2026-05-22,15:39:44,-07:00,2026-05-22T15:39:44-07:00,1,52
meta/meta.js,197,js,a844236b,elyse,2026-05-22,15:39:44,-07:00,2026-05-22T15:39:44-07:00,0,0
meta/meta.js,198,js,a844236b,elyse,2026-05-22,15:39:44,-07:00,2026-05-22T15:39:44-07:00,1,34
meta/meta.js,199,js,a844236b,elyse,2026-05-22,15:39:44,-07:00,2026-05-22T15:39:44-07:00,1,14
meta/meta.js,200,js,a844236b,elyse,2026-05-22,15:39:44,-07:00,2026-05-22T15:39:44-07:00,2,15
meta/meta.js,201,js,a844236b,elyse,2026-05-22,15:39:44,-07:00,2026-05-22T15:39:44-07:00,2,58
meta/meta.js,202,js,a844236b,elyse,2026-05-22,15:39:44,-07:00,2026-05-22T15:39:44-07:00,0,0
meta/meta.js,203,js,a844236b,elyse,2026-05-22,15:39:44,-07:00,2026-05-22T15:39:44-07:00,1,79
meta/meta.js,204,js,a844236b,elyse,2026-05-22,15:39:44,-07:00,2026-05-22T15:39:44-07:00,0,0
meta/meta.js,205,js,a844236b,elyse,2026-05-22,15:39:44,-07:00,2026-05-22T15:39:44-07:00,1,63
meta/meta.js,206,js,a844236b,elyse,2026-05-22,15:39:44,-07:00,2026-05-22T15:39:44-07:00,1,27
meta/meta.js,207,js,a844236b,elyse,2026-05-22,15:39:44,-07:00,2026-05-22T15:39:44-07:00,1,37
meta/meta.js,208,js,a844236b,elyse,2026-05-22,15:39:44,-07:00,2026-05-22T15:39:44-07:00,1,15
meta/meta.js,209,js,a844236b,elyse,2026-05-22,15:39:44,-07:00,2026-05-22T15:39:44-07:00,2,10
meta/meta.js,210,js,a844236b,elyse,2026-05-22,15:39:44,-07:00,2026-05-22T15:39:44-07:00,2,78
meta/meta.js,211,js,a844236b,elyse,2026-05-22,15:39:44,-07:00,2026-05-22T15:39:44-07:00,2,14
meta/meta.js,212,js,a844236b,elyse,2026-05-22,15:39:44,-07:00,2026-05-22T15:39:44-07:00,0,0
meta/meta.js,213,js,a844236b,elyse,2026-05-22,15:39:44,-07:00,2026-05-22T15:39:44-07:00,1,59
meta/meta.js,214,js,a844236b,elyse,2026-05-22,15:39:44,-07:00,2026-05-22T15:39:44-07:00,0,0
meta/meta.js,215,js,a844236b,elyse,2026-05-22,15:39:44,-07:00,2026-05-22T15:39:44-07:00,1,44
meta/meta.js,216,js,a844236b,elyse,2026-05-22,15:39:44,-07:00,2026-05-22T15:39:44-07:00,2,15
meta/meta.js,217,js,a844236b,elyse,2026-05-22,15:39:44,-07:00,2026-05-22T15:39:44-07:00,3,11
meta/meta.js,218,js,a844236b,elyse,2026-05-22,15:39:44,-07:00,2026-05-22T15:39:44-07:00,2,0
meta/meta.js,219,js,a844236b,elyse,2026-05-22,15:39:44,-07:00,2026-05-22T15:39:44-07:00,2,37
meta/meta.js,220,js,a844236b,elyse,2026-05-22,15:39:44,-07:00,2026-05-22T15:39:44-07:00,2,33
meta/meta.js,221,js,a844236b,elyse,2026-05-22,15:39:44,-07:00,2026-05-22T15:39:44-07:00,2,33
meta/meta.js,222,js,a844236b,elyse,2026-05-22,15:39:44,-07:00,2026-05-22T15:39:44-07:00,2,50
meta/meta.js,223,js,a844236b,elyse,2026-05-22,15:39:44,-07:00,2026-05-22T15:39:44-07:00,1,0
meta/meta.js,224,js,a844236b,elyse,2026-05-22,15:39:44,-07:00,2026-05-22T15:39:44-07:00,0,0
meta/meta.js,225,js,a844236b,elyse,2026-05-22,15:39:44,-07:00,2026-05-22T15:39:44-07:00,1,40
meta/meta.js,226,js,a844236b,elyse,2026-05-22,15:39:44,-07:00,2026-05-22T15:39:44-07:00,2,31
meta/meta.js,227,js,a844236b,elyse,2026-05-22,15:39:44,-07:00,2026-05-22T15:39:44-07:00,3,53
meta/meta.js,228,js,a844236b,elyse,2026-05-22,15:39:44,-07:00,2026-05-22T15:39:44-07:00,3,3
meta/meta.js,229,js,a844236b,elyse,2026-05-22,15:39:44,-07:00,2026-05-22T15:39:44-07:00,0,0
meta/meta.js,230,js,a844236b,elyse,2026-05-22,15:39:44,-07:00,2026-05-22T15:39:44-07:00,2,62
meta/meta.js,231,js,a844236b,elyse,2026-05-22,15:39:44,-07:00,2026-05-22T15:39:44-07:00,2,17
meta/meta.js,232,js,a844236b,elyse,2026-05-22,15:39:44,-07:00,2026-05-22T15:39:44-07:00,3,78
meta/meta.js,233,js,a844236b,elyse,2026-05-22,15:39:44,-07:00,2026-05-22T15:39:44-07:00,2,0
meta/meta.js,234,js,a844236b,elyse,2026-05-22,15:39:44,-07:00,2026-05-22T15:39:44-07:00,0,0
meta/meta.js,235,js,a844236b,elyse,2026-05-22,15:39:44,-07:00,2026-05-22T15:39:44-07:00,2,21
meta/meta.js,236,js,a844236b,elyse,2026-05-22,15:39:44,-07:00,2026-05-22T15:39:44-07:00,1,0
meta/meta.js,237,js,a844236b,elyse,2026-05-22,15:39:44,-07:00,2026-05-22T15:39:44-07:00,0,0
meta/meta.js,238,js,a844236b,elyse,2026-05-22,15:39:44,-07:00,2026-05-22T15:39:44-07:00,1,43
meta/meta.js,239,js,a844236b,elyse,2026-05-22,15:39:44,-07:00,2026-05-22T15:39:44-07:00,2,31
meta/meta.js,240,js,a844236b,elyse,2026-05-22,15:39:44,-07:00,2026-05-22T15:39:44-07:00,3,53
meta/meta.js,241,js,a844236b,elyse,2026-05-22,15:39:44,-07:00,2026-05-22T15:39:44-07:00,3,3
meta/meta.js,242,js,a844236b,elyse,2026-05-22,15:39:44,-07:00,2026-05-22T15:39:44-07:00,2,62
meta/meta.js,243,js,a844236b,elyse,2026-05-22,15:39:44,-07:00,2026-05-22T15:39:44-07:00,2,21
meta/meta.js,244,js,a844236b,elyse,2026-05-22,15:39:44,-07:00,2026-05-22T15:39:44-07:00,0,0
meta/meta.js,245,js,a844236b,elyse,2026-05-22,15:39:44,-07:00,2026-05-22T15:39:44-07:00,2,33
meta/meta.js,246,js,a844236b,elyse,2026-05-22,15:39:44,-07:00,2026-05-22T15:39:44-07:00,3,23
meta/meta.js,247,js,a844236b,elyse,2026-05-22,15:39:44,-07:00,2026-05-22T15:39:44-07:00,3,5
meta/meta.js,248,js,a844236b,elyse,2026-05-22,15:39:44,-07:00,2026-05-22T15:39:44-07:00,2,0
meta/meta.js,249,js,a844236b,elyse,2026-05-22,15:39:44,-07:00,2026-05-22T15:39:44-07:00,2,73
meta/meta.js,250,js,a844236b,elyse,2026-05-22,15:39:44,-07:00,2026-05-22T15:39:44-07:00,2,52
meta/meta.js,251,js,a844236b,elyse,2026-05-22,15:39:44,-07:00,2026-05-22T15:39:44-07:00,0,0
meta/meta.js,252,js,a844236b,elyse,2026-05-22,15:39:44,-07:00,2026-05-22T15:39:44-07:00,2,26
meta/meta.js,253,js,a844236b,elyse,2026-05-22,15:39:44,-07:00,2026-05-22T15:39:44-07:00,3,4
meta/meta.js,254,js,a844236b,elyse,2026-05-22,15:39:44,-07:00,2026-05-22T15:39:44-07:00,3,14
meta/meta.js,255,js,a844236b,elyse,2026-05-22,15:39:44,-07:00,2026-05-22T15:39:44-07:00,3,12
meta/meta.js,256,js,a844236b,elyse,2026-05-22,15:39:44,-07:00,2026-05-22T15:39:44-07:00,2,0
meta/meta.js,257,js,a844236b,elyse,2026-05-22,15:39:44,-07:00,2026-05-22T15:39:44-07:00,0,0
meta/meta.js,258,js,a844236b,elyse,2026-05-22,15:39:44,-07:00,2026-05-22T15:39:44-07:00,2,38
meta/meta.js,259,js,a844236b,elyse,2026-05-22,15:39:44,-07:00,2026-05-22T15:39:44-07:00,2,82
meta/meta.js,260,js,a844236b,elyse,2026-05-22,15:39:44,-07:00,2026-05-22T15:39:44-07:00,2,22
meta/meta.js,261,js,a844236b,elyse,2026-05-22,15:39:44,-07:00,2026-05-22T15:39:44-07:00,3,42
meta/meta.js,262,js,a844236b,elyse,2026-05-22,15:39:44,-07:00,2026-05-22T15:39:44-07:00,3,42
meta/meta.js,263,js,a844236b,elyse,2026-05-22,15:39:44,-07:00,2026-05-22T15:39:44-07:00,3,31
meta/meta.js,264,js,a844236b,elyse,2026-05-22,15:39:44,-07:00,2026-05-22T15:39:44-07:00,3,31
meta/meta.js,265,js,a844236b,elyse,2026-05-22,15:39:44,-07:00,2026-05-22T15:39:44-07:00,3,54
meta/meta.js,266,js,a844236b,elyse,2026-05-22,15:39:44,-07:00,2026-05-22T15:39:44-07:00,3,22
meta/meta.js,267,js,a844236b,elyse,2026-05-22,15:39:44,-07:00,2026-05-22T15:39:44-07:00,3,23
meta/meta.js,268,js,a844236b,elyse,2026-05-22,15:39:44,-07:00,2026-05-22T15:39:44-07:00,3,13
meta/meta.js,269,js,a844236b,elyse,2026-05-22,15:39:44,-07:00,2026-05-22T15:39:44-07:00,2,1
meta/meta.js,270,js,a844236b,elyse,2026-05-22,15:39:44,-07:00,2026-05-22T15:39:44-07:00,0,0
meta/meta.js,271,js,a844236b,elyse,2026-05-22,15:39:44,-07:00,2026-05-22T15:39:44-07:00,2,23
meta/meta.js,272,js,a844236b,elyse,2026-05-22,15:39:44,-07:00,2026-05-22T15:39:44-07:00,0,0
meta/meta.js,273,js,a844236b,elyse,2026-05-22,15:39:44,-07:00,2026-05-22T15:39:44-07:00,2,42
meta/meta.js,274,js,a844236b,elyse,2026-05-22,15:39:44,-07:00,2026-05-22T15:39:44-07:00,3,38
meta/meta.js,275,js,a844236b,elyse,2026-05-22,15:39:44,-07:00,2026-05-22T15:39:44-07:00,3,46
meta/meta.js,276,js,a844236b,elyse,2026-05-22,15:39:44,-07:00,2026-05-22T15:39:44-07:00,3,43
meta/meta.js,277,js,a844236b,elyse,2026-05-22,15:39:44,-07:00,2026-05-22T15:39:44-07:00,0,0
meta/meta.js,278,js,a844236b,elyse,2026-05-22,15:39:44,-07:00,2026-05-22T15:39:44-07:00,3,22
meta/meta.js,279,js,a844236b,elyse,2026-05-22,15:39:44,-07:00,2026-05-22T15:39:44-07:00,4,27
meta/meta.js,280,js,a844236b,elyse,2026-05-22,15:39:44,-07:00,2026-05-22T15:39:44-07:00,5,37
meta/meta.js,281,js,a844236b,elyse,2026-05-22,15:39:44,-07:00,2026-05-22T15:39:44-07:00,5,42
meta/meta.js,282,js,a844236b,elyse,2026-05-22,15:39:44,-07:00,2026-05-22T15:39:44-07:00,5,40
meta/meta.js,283,js,a844236b,elyse,2026-05-22,15:39:44,-07:00,2026-05-22T15:39:44-07:00,4,4
meta/meta.js,284,js,a844236b,elyse,2026-05-22,15:39:44,-07:00,2026-05-22T15:39:44-07:00,3,0
meta/meta.js,285,js,a844236b,elyse,2026-05-22,15:39:44,-07:00,2026-05-22T15:39:44-07:00,2,0
meta/meta.js,286,js,a844236b,elyse,2026-05-22,15:39:44,-07:00,2026-05-22T15:39:44-07:00,1,0
meta/meta.js,287,js,a844236b,elyse,2026-05-22,15:39:44,-07:00,2026-05-22T15:39:44-07:00,0,0
meta/meta.js,288,js,a844236b,elyse,2026-05-22,15:39:44,-07:00,2026-05-22T15:39:44-07:00,1,23
meta/meta.js,289,js,a844236b,elyse,2026-05-22,15:39:44,-07:00,2026-05-22T15:39:44-07:00,2,32
meta/meta.js,290,js,a844236b,elyse,2026-05-22,15:39:44,-07:00,2026-05-22T15:39:44-07:00,2,81
meta/meta.js,291,js,a844236b,elyse,2026-05-22,15:39:44,-07:00,2026-05-22T15:39:44-07:00,2,30
meta/meta.js,292,js,a844236b,elyse,2026-05-22,15:39:44,-07:00,2026-05-22T15:39:44-07:00,2,33
meta/meta.js,293,js,a844236b,elyse,2026-05-22,15:39:44,-07:00,2026-05-22T15:39:44-07:00,1,0
meta/meta.js,294,js,a844236b,elyse,2026-05-22,15:39:44,-07:00,2026-05-22T15:39:44-07:00,0,0
meta/meta.js,295,js,a844236b,elyse,2026-05-22,15:39:44,-07:00,2026-05-22T15:39:44-07:00,1,14
meta/meta.js,296,js,a844236b,elyse,2026-05-22,15:39:44,-07:00,2026-05-22T15:39:44-07:00,2,6
meta/meta.js,297,js,a844236b,elyse,2026-05-22,15:39:44,-07:00,2026-05-22T15:39:44-07:00,2,7
meta/meta.js,298,js,a844236b,elyse,2026-05-22,15:39:44,-07:00,2026-05-22T15:39:44-07:00,3,32
meta/meta.js,299,js,a844236b,elyse,2026-05-22,15:39:44,-07:00,2026-05-22T15:39:44-07:00,3,36
meta/meta.js,300,js,a844236b,elyse,2026-05-22,15:39:44,-07:00,2026-05-22T15:39:44-07:00,2,0
meta/meta.js,301,js,a844236b,elyse,2026-05-22,15:39:44,-07:00,2026-05-22T15:39:44-07:00,2,30
meta/meta.js,302,js,a844236b,elyse,2026-05-22,15:39:44,-07:00,2026-05-22T15:39:44-07:00,0,0
meta/meta.js,303,js,a844236b,elyse,2026-05-22,15:39:44,-07:00,2026-05-22T15:39:44-07:00,1,1
meta/meta.js,304,js,a844236b,elyse,2026-05-22,15:39:44,-07:00,2026-05-22T15:39:44-07:00,2,10
meta/meta.js,305,js,a844236b,elyse,2026-05-22,15:39:44,-07:00,2026-05-22T15:39:44-07:00,2,25
meta/meta.js,306,js,a844236b,elyse,2026-05-22,15:39:44,-07:00,2026-05-22T15:39:44-07:00,2,52
meta/meta.js,307,js,a844236b,elyse,2026-05-22,15:39:44,-07:00,2026-05-22T15:39:44-07:00,2,14
meta/meta.js,308,js,a844236b,elyse,2026-05-22,15:39:44,-07:00,2026-05-22T15:39:44-07:00,2,41
meta/meta.js,309,js,a844236b,elyse,2026-05-22,15:39:44,-07:00,2026-05-22T15:39:44-07:00,0,0
meta/meta.js,310,js,a844236b,elyse,2026-05-22,15:39:44,-07:00,2026-05-22T15:39:44-07:00,1,49
meta/meta.js,311,js,a844236b,elyse,2026-05-22,15:39:44,-07:00,2026-05-22T15:39:44-07:00,0,0
meta/meta.js,312,js,a844236b,elyse,2026-05-22,15:39:44,-07:00,2026-05-22T15:39:44-07:00,1,49
meta/meta.js,313,js,a844236b,elyse,2026-05-22,15:39:44,-07:00,2026-05-22T15:39:44-07:00,0,0
meta/meta.js,314,js,a844236b,elyse,2026-05-22,15:39:44,-07:00,2026-05-22T15:39:44-07:00,1,2
meta/meta.js,315,js,a844236b,elyse,2026-05-22,15:39:44,-07:00,2026-05-22T15:39:44-07:00,2,18
meta/meta.js,316,js,a844236b,elyse,2026-05-22,15:39:44,-07:00,2026-05-22T15:39:44-07:00,2,31
meta/meta.js,317,js,a844236b,elyse,2026-05-22,15:39:44,-07:00,2026-05-22T15:39:44-07:00,2,13
meta/meta.js,318,js,a844236b,elyse,2026-05-22,15:39:44,-07:00,2026-05-22T15:39:44-07:00,2,36
meta/meta.js,319,js,a844236b,elyse,2026-05-22,15:39:44,-07:00,2026-05-22T15:39:44-07:00,2,36
meta/meta.js,320,js,a844236b,elyse,2026-05-22,15:39:44,-07:00,2026-05-22T15:39:44-07:00,2,37
meta/meta.js,321,js,a844236b,elyse,2026-05-22,15:39:44,-07:00,2026-05-22T15:39:44-07:00,2,40
meta/meta.js,322,js,a844236b,elyse,2026-05-22,15:39:44,-07:00,2026-05-22T15:39:44-07:00,2,24
meta/meta.js,323,js,a844236b,elyse,2026-05-22,15:39:44,-07:00,2026-05-22T15:39:44-07:00,2,25
meta/meta.js,324,js,a844236b,elyse,2026-05-22,15:39:44,-07:00,2026-05-22T15:39:44-07:00,2,36
meta/meta.js,325,js,a844236b,elyse,2026-05-22,15:39:44,-07:00,2026-05-22T15:39:44-07:00,3,54
meta/meta.js,326,js,a844236b,elyse,2026-05-22,15:39:44,-07:00,2026-05-22T15:39:44-07:00,3,27
meta/meta.js,327,js,a844236b,elyse,2026-05-22,15:39:44,-07:00,2026-05-22T15:39:44-07:00,3,28
meta/meta.js,328,js,a844236b,elyse,2026-05-22,15:39:44,-07:00,2026-05-22T15:39:44-07:00,3,27
meta/meta.js,329,js,a844236b,elyse,2026-05-22,15:39:44,-07:00,2026-05-22T15:39:44-07:00,2,0
meta/meta.js,330,js,a844236b,elyse,2026-05-22,15:39:44,-07:00,2026-05-22T15:39:44-07:00,2,28
meta/meta.js,331,js,a844236b,elyse,2026-05-22,15:39:44,-07:00,2026-05-22T15:39:44-07:00,3,56
meta/meta.js,332,js,a844236b,elyse,2026-05-22,15:39:44,-07:00,2026-05-22T15:39:44-07:00,3,29
meta/meta.js,333,js,a844236b,elyse,2026-05-22,15:39:44,-07:00,2026-05-22T15:39:44-07:00,2,1
meta/meta.js,334,js,a844236b,elyse,2026-05-22,15:39:44,-07:00,2026-05-22T15:39:44-07:00,0,0
meta/meta.js,335,js,a844236b,elyse,2026-05-22,15:39:44,-07:00,2026-05-22T15:39:44-07:00,1,1
meta/meta.js,336,js,a844236b,elyse,2026-05-22,15:39:44,-07:00,2026-05-22T15:39:44-07:00,2,10
meta/meta.js,337,js,a844236b,elyse,2026-05-22,15:39:44,-07:00,2026-05-22T15:39:44-07:00,2,54
meta/meta.js,338,js,a844236b,elyse,2026-05-22,15:39:44,-07:00,2026-05-22T15:39:44-07:00,2,22
meta/meta.js,339,js,a844236b,elyse,2026-05-22,15:39:44,-07:00,2026-05-22T15:39:44-07:00,2,11
meta/meta.js,340,js,a844236b,elyse,2026-05-22,15:39:44,-07:00,2026-05-22T15:39:44-07:00,0,0
meta/meta.js,341,js,a844236b,elyse,2026-05-22,15:39:44,-07:00,2026-05-22T15:39:44-07:00,1,1
meta/meta.js,342,js,a844236b,elyse,2026-05-22,15:39:44,-07:00,2026-05-22T15:39:44-07:00,2,10
meta/meta.js,343,js,a844236b,elyse,2026-05-22,15:39:44,-07:00,2026-05-22T15:39:44-07:00,2,52
meta/meta.js,344,js,a844236b,elyse,2026-05-22,15:39:44,-07:00,2026-05-22T15:39:44-07:00,2,22
meta/meta.js,345,js,a844236b,elyse,2026-05-22,15:39:44,-07:00,2026-05-22T15:39:44-07:00,2,11
meta/meta.js,346,js,a844236b,elyse,2026-05-22,15:39:44,-07:00,2026-05-22T15:39:44-07:00,0,0
meta/meta.js,347,js,a844236b,elyse,2026-05-22,15:39:44,-07:00,2026-05-22T15:39:44-07:00,1,43
meta/meta.js,348,js,a844236b,elyse,2026-05-22,15:39:44,-07:00,2026-05-22T15:39:44-07:00,0,0
meta/meta.js,349,js,a844236b,elyse,2026-05-22,15:39:44,-07:00,2026-05-22T15:39:44-07:00,0,0
meta/meta.js,350,js,a844236b,elyse,2026-05-22,15:39:44,-07:00,2026-05-22T15:39:44-07:00,0,37
meta/meta.js,351,js,a844236b,elyse,2026-05-22,15:39:44,-07:00,2026-05-22T15:39:44-07:00,1,50
meta/meta.js,352,js,a844236b,elyse,2026-05-22,15:39:44,-07:00,2026-05-22T15:39:44-07:00,1,50
meta/meta.js,353,js,a844236b,elyse,2026-05-22,15:39:44,-07:00,2026-05-22T15:39:44-07:00,1,72
meta/meta.js,354,js,a844236b,elyse,2026-05-22,15:39:44,-07:00,2026-05-22T15:39:44-07:00,0,0
meta/meta.js,355,js,a844236b,elyse,2026-05-22,15:39:44,-07:00,2026-05-22T15:39:44-07:00,1,21
meta/meta.js,356,js,a844236b,elyse,2026-05-22,15:39:44,-07:00,2026-05-22T15:39:44-07:00,1,27
meta/meta.js,357,js,a844236b,elyse,2026-05-22,15:39:44,-07:00,2026-05-22T15:39:44-07:00,1,56
meta/meta.js,358,js,a844236b,elyse,2026-05-22,15:39:44,-07:00,2026-05-22T15:39:44-07:00,2,16
meta/meta.js,359,js,a844236b,elyse,2026-05-22,15:39:44,-07:00,2026-05-22T15:39:44-07:00,1,1
meta/meta.js,360,js,a844236b,elyse,2026-05-22,15:39:44,-07:00,2026-05-22T15:39:44-07:00,0,0
meta/meta.js,361,js,a844236b,elyse,2026-05-22,15:39:44,-07:00,2026-05-22T15:39:44-07:00,1,0
meta/meta.js,362,js,a844236b,elyse,2026-05-22,15:39:44,-07:00,2026-05-22T15:39:44-07:00,0,0
meta/meta.js,363,js,a844236b,elyse,2026-05-22,15:39:44,-07:00,2026-05-22T15:39:44-07:00,0,26
meta/meta.js,364,js,a844236b,elyse,2026-05-22,15:39:44,-07:00,2026-05-22T15:39:44-07:00,0,33
meta/meta.js,365,js,a844236b,elyse,2026-05-22,15:39:44,-07:00,2026-05-22T15:39:44-07:00,0,0
meta/meta.js,366,js,a844236b,elyse,2026-05-22,15:39:44,-07:00,2026-05-22T15:39:44-07:00,0,28
meta/meta.js,367,js,a844236b,elyse,2026-05-22,15:39:44,-07:00,2026-05-22T15:39:44-07:00,0,0
meta/meta.js,368,js,a844236b,elyse,2026-05-22,15:39:44,-07:00,2026-05-22T15:39:44-07:00,0,43
meta/meta.js,369,js,08846b46,elyse,2026-05-22,15:46:44,-07:00,2026-05-22T15:46:44-07:00,1,47
meta/meta.js,370,js,08846b46,elyse,2026-05-22,15:46:44,-07:00,2026-05-22T15:46:44-07:00,0,0
meta/meta.js,371,js,a844236b,elyse,2026-05-22,15:39:44,-07:00,2026-05-22T15:39:44-07:00,1,52
meta/meta.js,372,js,a844236b,elyse,2026-05-22,15:39:44,-07:00,2026-05-22T15:39:44-07:00,1,14
meta/meta.js,373,js,a844236b,elyse,2026-05-22,15:39:44,-07:00,2026-05-22T15:39:44-07:00,2,27
meta/meta.js,374,js,a844236b,elyse,2026-05-22,15:39:44,-07:00,2026-05-22T15:39:44-07:00,2,23
meta/meta.js,375,js,a844236b,elyse,2026-05-22,15:39:44,-07:00,2026-05-22T15:39:44-07:00,3,21
meta/meta.js,376,js,08846b46,elyse,2026-05-22,15:46:44,-07:00,2026-05-22T15:46:44-07:00,2,0
meta/meta.js,377,js,08846b46,elyse,2026-05-22,15:46:44,-07:00,2026-05-22T15:46:44-07:00,2,47
meta/meta.js,378,js,a844236b,elyse,2026-05-22,15:39:44,-07:00,2026-05-22T15:39:44-07:00,0,0
meta/meta.js,379,js,a844236b,elyse,2026-05-22,15:39:44,-07:00,2026-05-22T15:39:44-07:00,1,23
meta/meta.js,380,js,a844236b,elyse,2026-05-22,15:39:44,-07:00,2026-05-22T15:39:44-07:00,2,15
meta/meta.js,381,js,a844236b,elyse,2026-05-22,15:39:44,-07:00,2026-05-22T15:39:44-07:00,2,15
meta/meta.js,382,js,a844236b,elyse,2026-05-22,15:39:44,-07:00,2026-05-22T15:39:44-07:00,2,25
meta/meta.js,383,js,a844236b,elyse,2026-05-22,15:39:44,-07:00,2026-05-22T15:39:44-07:00,2,14
meta/meta.js,384,js,a844236b,elyse,2026-05-22,15:39:44,-07:00,2026-05-22T15:39:44-07:00,3,33
meta/meta.js,385,js,08846b46,elyse,2026-05-22,15:46:44,-07:00,2026-05-22T15:46:44-07:00,4,29
meta/meta.js,386,js,08846b46,elyse,2026-05-22,15:46:44,-07:00,2026-05-22T15:46:44-07:00,5,16
meta/meta.js,387,js,08846b46,elyse,2026-05-22,15:46:44,-07:00,2026-05-22T15:46:44-07:00,5,17
meta/meta.js,388,js,08846b46,elyse,2026-05-22,15:46:44,-07:00,2026-05-22T15:46:44-07:00,4,1
meta/meta.js,389,js,a844236b,elyse,2026-05-22,15:39:44,-07:00,2026-05-22T15:39:44-07:00,4,15
meta/meta.js,390,js,a844236b,elyse,2026-05-22,15:39:44,-07:00,2026-05-22T15:39:44-07:00,3,1
meta/meta.js,391,js,a844236b,elyse,2026-05-22,15:39:44,-07:00,2026-05-22T15:39:44-07:00,2,0
meta/meta.js,392,js,a844236b,elyse,2026-05-22,15:39:44,-07:00,2026-05-22T15:39:44-07:00,0,0
meta/meta.js,393,js,08846b46,elyse,2026-05-22,15:46:44,-07:00,2026-05-22T15:46:44-07:00,1,53
meta/meta.js,394,js,08846b46,elyse,2026-05-22,15:46:44,-07:00,2026-05-22T15:46:44-07:00,1,73
meta/meta.js,395,js,08846b46,elyse,2026-05-22,15:46:44,-07:00,2026-05-22T15:46:44-07:00,0,0
meta/meta.js,396,js,08846b46,elyse,2026-05-22,15:46:44,-07:00,2026-05-22T15:46:44-07:00,1,12
meta/meta.js,397,js,08846b46,elyse,2026-05-22,15:46:44,-07:00,2026-05-22T15:46:44-07:00,2,11
meta/meta.js,398,js,08846b46,elyse,2026-05-22,15:46:44,-07:00,2026-05-22T15:46:44-07:00,2,15
meta/meta.js,399,js,08846b46,elyse,2026-05-22,15:46:44,-07:00,2026-05-22T15:46:44-07:00,2,19
meta/meta.js,400,js,08846b46,elyse,2026-05-22,15:46:44,-07:00,2026-05-22T15:46:44-07:00,2,10
meta/meta.js,401,js,08846b46,elyse,2026-05-22,15:46:44,-07:00,2026-05-22T15:46:44-07:00,2,19
meta/meta.js,402,js,08846b46,elyse,2026-05-22,15:46:44,-07:00,2026-05-22T15:46:44-07:00,2,50
meta/meta.js,403,js,a844236b,elyse,2026-05-22,15:39:44,-07:00,2026-05-22T15:39:44-07:00,0,0
meta/meta.js,404,js,a844236b,elyse,2026-05-22,15:39:44,-07:00,2026-05-22T15:39:44-07:00,0,0
meta/meta.js,405,js,4d106a45,elyse,2026-05-22,16:03:41,-07:00,2026-05-22T16:03:41-07:00,0,36
meta/meta.js,406,js,4d106a45,elyse,2026-05-22,16:03:41,-07:00,2026-05-22T16:03:41-07:00,1,61
meta/meta.js,407,js,a844236b,elyse,2026-05-22,15:39:44,-07:00,2026-05-22T15:39:44-07:00,1,39
meta/meta.js,408,js,a844236b,elyse,2026-05-22,15:39:44,-07:00,2026-05-22T15:39:44-07:00,1,32
meta/meta.js,409,js,a844236b,elyse,2026-05-22,15:39:44,-07:00,2026-05-22T15:39:44-07:00,0,0
meta/meta.js,410,js,a844236b,elyse,2026-05-22,15:39:44,-07:00,2026-05-22T15:39:44-07:00,0,0
meta/meta.js,411,js,4d106a45,elyse,2026-05-22,16:03:41,-07:00,2026-05-22T16:03:41-07:00,0,34
meta/meta.js,412,js,4d106a45,elyse,2026-05-22,16:03:41,-07:00,2026-05-22T16:03:41-07:00,1,64
meta/meta.js,413,js,4d106a45,elyse,2026-05-22,16:03:41,-07:00,2026-05-22T16:03:41-07:00,1,30
meta/meta.js,414,js,4d106a45,elyse,2026-05-22,16:03:41,-07:00,2026-05-22T16:03:41-07:00,0,0
meta/meta.js,415,js,4d106a45,elyse,2026-05-22,16:03:41,-07:00,2026-05-22T16:03:41-07:00,0,0
meta/meta.js,416,js,4d106a45,elyse,2026-05-22,16:03:41,-07:00,2026-05-22T16:03:41-07:00,0,29
meta/meta.js,417,js,4d106a45,elyse,2026-05-22,16:03:41,-07:00,2026-05-22T16:03:41-07:00,1,44
meta/meta.js,418,js,4d106a45,elyse,2026-05-22,16:03:41,-07:00,2026-05-22T16:03:41-07:00,2,16
meta/meta.js,419,js,4d106a45,elyse,2026-05-22,16:03:41,-07:00,2026-05-22T16:03:41-07:00,2,17
meta/meta.js,420,js,4d106a45,elyse,2026-05-22,16:03:41,-07:00,2026-05-22T16:03:41-07:00,1,47
meta/meta.js,421,js,4d106a45,elyse,2026-05-22,16:03:41,-07:00,2026-05-22T16:03:41-07:00,2,72
meta/meta.js,422,js,4d106a45,elyse,2026-05-22,16:03:41,-07:00,2026-05-22T16:03:41-07:00,1,45
meta/meta.js,423,js,4d106a45,elyse,2026-05-22,16:03:41,-07:00,2026-05-22T16:03:41-07:00,2,9
meta/meta.js,424,js,4d106a45,elyse,2026-05-22,16:03:41,-07:00,2026-05-22T16:03:41-07:00,3,6
meta/meta.js,425,js,4d106a45,elyse,2026-05-22,16:03:41,-07:00,2026-05-22T16:03:41-07:00,3,14
meta/meta.js,426,js,4d106a45,elyse,2026-05-22,16:03:41,-07:00,2026-05-22T16:03:41-07:00,3,12
meta/meta.js,427,js,4d106a45,elyse,2026-05-22,16:03:41,-07:00,2026-05-22T16:03:41-07:00,2,6
meta/meta.js,428,js,4d106a45,elyse,2026-05-22,16:03:41,-07:00,2026-05-22T16:03:41-07:00,1,76
meta/meta.js,429,js,4d106a45,elyse,2026-05-22,16:03:41,-07:00,2026-05-22T16:03:41-07:00,0,0
meta/meta.js,430,js,4d106a45,elyse,2026-05-22,16:03:41,-07:00,2026-05-22T16:03:41-07:00,0,0
meta/meta.js,431,js,4d106a45,elyse,2026-05-22,16:03:41,-07:00,2026-05-22T16:03:41-07:00,0,36
meta/meta.js,432,js,4d106a45,elyse,2026-05-22,16:03:41,-07:00,2026-05-22T16:03:41-07:00,1,17
meta/meta.js,433,js,4d106a45,elyse,2026-05-22,16:03:41,-07:00,2026-05-22T16:03:41-07:00,2,17
meta/meta.js,434,js,4d106a45,elyse,2026-05-22,16:03:41,-07:00,2026-05-22T16:03:41-07:00,2,12
meta/meta.js,435,js,4d106a45,elyse,2026-05-22,16:03:41,-07:00,2026-05-22T16:03:41-07:00,2,10
meta/meta.js,436,js,4d106a45,elyse,2026-05-22,16:03:41,-07:00,2026-05-22T16:03:41-07:00,2,20
meta/meta.js,437,js,4d106a45,elyse,2026-05-22,16:03:41,-07:00,2026-05-22T16:03:41-07:00,2,20
meta/meta.js,438,js,4d106a45,elyse,2026-05-22,16:03:41,-07:00,2026-05-22T16:03:41-07:00,0,0
meta/meta.js,439,js,4d106a45,elyse,2026-05-22,16:03:41,-07:00,2026-05-22T16:03:41-07:00,0,0
meta/meta.js,440,js,4d106a45,elyse,2026-05-22,16:03:41,-07:00,2026-05-22T16:03:41-07:00,0,37
meta/meta.js,441,js,4d106a45,elyse,2026-05-22,16:03:41,-07:00,2026-05-22T16:03:41-07:00,1,39
meta/meta.js,442,js,4d106a45,elyse,2026-05-22,16:03:41,-07:00,2026-05-22T16:03:41-07:00,1,34
meta/meta.js,443,js,4d106a45,elyse,2026-05-22,16:03:41,-07:00,2026-05-22T16:03:41-07:00,0,0
meta/meta.js,444,js,4d106a45,elyse,2026-05-22,16:03:41,-07:00,2026-05-22T16:03:41-07:00,0,0
meta/meta.js,445,js,4d106a45,elyse,2026-05-22,16:03:41,-07:00,2026-05-22T16:03:41-07:00,0,35
meta/meta.js,446,js,4d106a45,elyse,2026-05-22,16:03:41,-07:00,2026-05-22T16:03:41-07:00,1,39
meta/meta.js,447,js,4d106a45,elyse,2026-05-22,16:03:41,-07:00,2026-05-22T16:03:41-07:00,1,32
meta/meta.js,448,js,4d106a45,elyse,2026-05-22,16:03:41,-07:00,2026-05-22T16:03:41-07:00,0,0
meta/meta.js,449,js,a844236b,elyse,2026-05-22,15:39:44,-07:00,2026-05-22T15:39:44-07:00,0,0
meta/meta.js,450,js,a844236b,elyse,2026-05-22,15:39:44,-07:00,2026-05-22T15:39:44-07:00,0,24
meta/meta.js,451,js,a844236b,elyse,2026-05-22,15:39:44,-07:00,2026-05-22T15:39:44-07:00,0,31
meta/meta.js,452,js,4d106a45,elyse,2026-05-22,16:03:41,-07:00,2026-05-22T16:03:41-07:00,0,25
meta/meta.js,453,js,4d106a45,elyse,2026-05-22,16:03:41,-07:00,2026-05-22T16:03:41-07:00,0,34
meta/meta.js,454,js,4d106a45,elyse,2026-05-22,16:03:41,-07:00,2026-05-22T16:03:41-07:00,0,32
meta/meta.js,455,js,4d106a45,elyse,2026-05-22,16:03:41,-07:00,2026-05-22T16:03:41-07:00,0,0
meta/meta.js,456,js,4d106a45,elyse,2026-05-22,16:03:41,-07:00,2026-05-22T16:03:41-07:00,0,34
meta/meta.js,457,js,4d106a45,elyse,2026-05-22,16:03:41,-07:00,2026-05-22T16:03:41-07:00,0,13
meta/meta.js,458,js,4d106a45,elyse,2026-05-22,16:03:41,-07:00,2026-05-22T16:03:41-07:00,1,6
meta/meta.js,459,js,4d106a45,elyse,2026-05-22,16:03:41,-07:00,2026-05-22T16:03:41-07:00,2,22
meta/meta.js,460,js,4d106a45,elyse,2026-05-22,16:03:41,-07:00,2026-05-22T16:03:41-07:00,2,23
meta/meta.js,461,js,4d106a45,elyse,2026-05-22,16:03:41,-07:00,2026-05-22T16:03:41-07:00,1,0
meta/meta.js,462,js,4d106a45,elyse,2026-05-22,16:03:41,-07:00,2026-05-22T16:03:41-07:00,1,31
meta/meta.js,463,js,4d106a45,elyse,2026-05-22,16:03:41,-07:00,2026-05-22T16:03:41-07:00,0,0
meta/meta.js,464,js,4d106a45,elyse,2026-05-22,16:03:41,-07:00,2026-05-22T16:03:41-07:00,0,32
meta/meta.js,465,js,4d106a45,elyse,2026-05-22,16:03:41,-07:00,2026-05-22T16:03:41-07:00,0,11
meta/meta.js,466,js,4d106a45,elyse,2026-05-22,16:03:41,-07:00,2026-05-22T16:03:41-07:00,1,6
meta/meta.js,467,js,4d106a45,elyse,2026-05-22,16:03:41,-07:00,2026-05-22T16:03:41-07:00,2,22
meta/meta.js,468,js,4d106a45,elyse,2026-05-22,16:03:41,-07:00,2026-05-22T16:03:41-07:00,2,23
meta/meta.js,469,js,4d106a45,elyse,2026-05-22,16:03:41,-07:00,2026-05-22T16:03:41-07:00,1,0
meta/meta.js,470,js,4d106a45,elyse,2026-05-22,16:03:41,-07:00,2026-05-22T16:03:41-07:00,1,29
meta/meta.js,471,js,a844236b,elyse,2026-05-22,15:39:44,-07:00,2026-05-22T15:39:44-07:00,1,0
meta/main.js,1,js,bca26429,elyse,2026-05-08,15:11:13,-07:00,2026-05-08T15:11:13-07:00,0,63
meta/main.js,2,js,bca26429,elyse,2026-05-08,15:11:13,-07:00,2026-05-08T15:11:13-07:00,0,0
meta/main.js,3,js,bca26429,elyse,2026-05-08,15:11:13,-07:00,2026-05-08T15:11:13-07:00,0,25
meta/main.js,4,js,bca26429,elyse,2026-05-08,15:11:13,-07:00,2026-05-08T15:11:13-07:00,1,46
meta/main.js,5,js,bca26429,elyse,2026-05-08,15:11:13,-07:00,2026-05-08T15:11:13-07:00,2,5
meta/main.js,6,js,bca26429,elyse,2026-05-08,15:11:13,-07:00,2026-05-08T15:11:13-07:00,2,21
meta/main.js,7,js,bca26429,elyse,2026-05-08,15:11:13,-07:00,2026-05-08T15:11:13-07:00,2,23
meta/main.js,8,js,bca26429,elyse,2026-05-08,15:11:13,-07:00,2026-05-08T15:11:13-07:00,2,25
meta/main.js,9,js,bca26429,elyse,2026-05-08,15:11:13,-07:00,2026-05-08T15:11:13-07:00,2,49
meta/main.js,10,js,bca26429,elyse,2026-05-08,15:11:13,-07:00,2026-05-08T15:11:13-07:00,2,31
meta/main.js,11,js,bca26429,elyse,2026-05-08,15:11:13,-07:00,2026-05-08T15:11:13-07:00,1,2
meta/main.js,12,js,bca26429,elyse,2026-05-08,15:11:13,-07:00,2026-05-08T15:11:13-07:00,0,0
meta/main.js,13,js,bca26429,elyse,2026-05-08,15:11:13,-07:00,2026-05-08T15:11:13-07:00,1,10
meta/main.js,14,js,bca26429,elyse,2026-05-08,15:11:13,-07:00,2026-05-08T15:11:13-07:00,0,0
meta/main.js,15,js,bca26429,elyse,2026-05-08,15:11:13,-07:00,2026-05-08T15:11:13-07:00,0,0
meta/main.js,16,js,bca26429,elyse,2026-05-08,15:11:13,-07:00,2026-05-08T15:11:13-07:00,0,29
meta/main.js,17,js,bca26429,elyse,2026-05-08,15:11:13,-07:00,2026-05-08T15:11:13-07:00,1,64
meta/main.js,18,js,bca26429,elyse,2026-05-08,15:11:13,-07:00,2026-05-08T15:11:13-07:00,2,21
meta/main.js,19,js,bca26429,elyse,2026-05-08,15:11:13,-07:00,2026-05-08T15:11:13-07:00,2,55
meta/main.js,20,js,bca26429,elyse,2026-05-08,15:11:13,-07:00,2026-05-08T15:11:13-07:00,0,0
meta/main.js,21,js,bca26429,elyse,2026-05-08,15:11:13,-07:00,2026-05-08T15:11:13-07:00,2,11
meta/main.js,22,js,bca26429,elyse,2026-05-08,15:11:13,-07:00,2026-05-08T15:11:13-07:00,3,9
meta/main.js,23,js,bca26429,elyse,2026-05-08,15:11:13,-07:00,2026-05-08T15:11:13-07:00,3,51
meta/main.js,24,js,bca26429,elyse,2026-05-08,15:11:13,-07:00,2026-05-08T15:11:13-07:00,3,5
meta/main.js,25,js,bca26429,elyse,2026-05-08,15:11:13,-07:00,2026-05-08T15:11:13-07:00,3,3
meta/main.js,26,js,bca26429,elyse,2026-05-08,15:11:13,-07:00,2026-05-08T15:11:13-07:00,3,3
meta/main.js,27,js,bca26429,elyse,2026-05-08,15:11:13,-07:00,2026-05-08T15:11:13-07:00,3,7
meta/main.js,28,js,bca26429,elyse,2026-05-08,15:11:13,-07:00,2026-05-08T15:11:13-07:00,3,7
meta/main.js,29,js,bca26429,elyse,2026-05-08,15:11:13,-07:00,2026-05-08T15:11:13-07:00,3,57
meta/main.js,30,js,bca26429,elyse,2026-05-08,15:11:13,-07:00,2026-05-08T15:11:13-07:00,3,23
meta/main.js,31,js,bca26429,elyse,2026-05-08,15:11:13,-07:00,2026-05-08T15:11:13-07:00,2,0
meta/main.js,32,js,bca26429,elyse,2026-05-08,15:11:13,-07:00,2026-05-08T15:11:13-07:00,0,0
meta/main.js,33,js,bca26429,elyse,2026-05-08,15:11:13,-07:00,2026-05-08T15:11:13-07:00,2,35
meta/main.js,34,js,bca26429,elyse,2026-05-08,15:11:13,-07:00,2026-05-08T15:11:13-07:00,3,11
meta/main.js,35,js,bca26429,elyse,2026-05-08,15:11:13,-07:00,2026-05-08T15:11:13-07:00,3,18
meta/main.js,36,js,bca26429,elyse,2026-05-08,15:11:13,-07:00,2026-05-08T15:11:13-07:00,3,14
meta/main.js,37,js,bca26429,elyse,2026-05-08,15:11:13,-07:00,2026-05-08T15:11:13-07:00,3,16
meta/main.js,38,js,bca26429,elyse,2026-05-08,15:11:13,-07:00,2026-05-08T15:11:13-07:00,2,1
meta/main.js,39,js,bca26429,elyse,2026-05-08,15:11:13,-07:00,2026-05-08T15:11:13-07:00,0,0
meta/main.js,40,js,bca26429,elyse,2026-05-08,15:11:13,-07:00,2026-05-08T15:11:13-07:00,2,9
meta/main.js,41,js,bca26429,elyse,2026-05-08,15:11:13,-07:00,2026-05-08T15:11:13-07:00,1,1
meta/main.js,42,js,bca26429,elyse,2026-05-08,15:11:13,-07:00,2026-05-08T15:11:13-07:00,0,0
meta/main.js,43,js,bca26429,elyse,2026-05-08,15:11:13,-07:00,2026-05-08T15:11:13-07:00,0,0
meta/main.js,44,js,bca26429,elyse,2026-05-08,15:11:13,-07:00,2026-05-08T15:11:13-07:00,0,43
meta/main.js,45,js,bca26429,elyse,2026-05-08,15:11:13,-07:00,2026-05-08T15:11:13-07:00,1,56
meta/main.js,46,js,bca26429,elyse,2026-05-08,15:11:13,-07:00,2026-05-08T15:11:13-07:00,1,19
meta/main.js,47,js,bca26429,elyse,2026-05-08,15:11:13,-07:00,2026-05-08T15:11:13-07:00,1,26
meta/main.js,48,js,bca26429,elyse,2026-05-08,15:11:13,-07:00,2026-05-08T15:11:13-07:00,0,0
meta/main.js,49,js,bca26429,elyse,2026-05-08,15:11:13,-07:00,2026-05-08T15:11:13-07:00,0,0
meta/main.js,50,js,bca26429,elyse,2026-05-08,15:11:13,-07:00,2026-05-08T15:11:13-07:00,0,37
meta/main.js,51,js,bca26429,elyse,2026-05-08,15:11:13,-07:00,2026-05-08T15:11:13-07:00,1,56
meta/main.js,52,js,bca26429,elyse,2026-05-08,15:11:13,-07:00,2026-05-08T15:11:13-07:00,1,19
meta/main.js,53,js,bca26429,elyse,2026-05-08,15:11:13,-07:00,2026-05-08T15:11:13-07:00,1,40
meta/main.js,54,js,bca26429,elyse,2026-05-08,15:11:13,-07:00,2026-05-08T15:11:13-07:00,1,39
meta/main.js,55,js,bca26429,elyse,2026-05-08,15:11:13,-07:00,2026-05-08T15:11:13-07:00,0,0
meta/main.js,56,js,bca26429,elyse,2026-05-08,15:11:13,-07:00,2026-05-08T15:11:13-07:00,0,0
meta/main.js,57,js,bca26429,elyse,2026-05-08,15:11:13,-07:00,2026-05-08T15:11:13-07:00,0,40
meta/main.js,58,js,bca26429,elyse,2026-05-08,15:11:13,-07:00,2026-05-08T15:11:13-07:00,1,79
meta/main.js,59,js,bca26429,elyse,2026-05-08,15:11:13,-07:00,2026-05-08T15:11:13-07:00,0,0
meta/main.js,60,js,bca26429,elyse,2026-05-08,15:11:13,-07:00,2026-05-08T15:11:13-07:00,1,37
meta/main.js,61,js,bca26429,elyse,2026-05-08,15:11:13,-07:00,2026-05-08T15:11:13-07:00,0,0
meta/main.js,62,js,bca26429,elyse,2026-05-08,15:11:13,-07:00,2026-05-08T15:11:13-07:00,1,29
meta/main.js,63,js,bca26429,elyse,2026-05-08,15:11:13,-07:00,2026-05-08T15:11:13-07:00,2,3
meta/main.js,64,js,bca26429,elyse,2026-05-08,15:11:13,-07:00,2026-05-08T15:11:13-07:00,2,30
meta/main.js,65,js,bca26429,elyse,2026-05-08,15:11:13,-07:00,2026-05-08T15:11:13-07:00,2,12
meta/main.js,66,js,bca26429,elyse,2026-05-08,15:11:13,-07:00,2026-05-08T15:11:13-07:00,1,0
meta/main.js,67,js,bca26429,elyse,2026-05-08,15:11:13,-07:00,2026-05-08T15:11:13-07:00,1,57
meta/main.js,68,js,bca26429,elyse,2026-05-08,15:11:13,-07:00,2026-05-08T15:11:13-07:00,1,49
meta/main.js,69,js,bca26429,elyse,2026-05-08,15:11:13,-07:00,2026-05-08T15:11:13-07:00,1,59
meta/main.js,70,js,bca26429,elyse,2026-05-08,15:11:13,-07:00,2026-05-08T15:11:13-07:00,1,47
meta/main.js,71,js,bca26429,elyse,2026-05-08,15:11:13,-07:00,2026-05-08T15:11:13-07:00,0,0
meta/main.js,72,js,bca26429,elyse,2026-05-08,15:11:13,-07:00,2026-05-08T15:11:13-07:00,1,13
meta/main.js,73,js,bca26429,elyse,2026-05-08,15:11:13,-07:00,2026-05-08T15:11:13-07:00,2,42
meta/main.js,74,js,bca26429,elyse,2026-05-08,15:11:13,-07:00,2026-05-08T15:11:13-07:00,2,31
meta/main.js,75,js,bca26429,elyse,2026-05-08,15:11:13,-07:00,2026-05-08T15:11:13-07:00,2,41
meta/main.js,76,js,bca26429,elyse,2026-05-08,15:11:13,-07:00,2026-05-08T15:11:13-07:00,2,38
meta/main.js,77,js,bca26429,elyse,2026-05-08,15:11:13,-07:00,2026-05-08T15:11:13-07:00,2,50
meta/main.js,78,js,bca26429,elyse,2026-05-08,15:11:13,-07:00,2026-05-08T15:11:13-07:00,2,42
meta/main.js,79,js,bca26429,elyse,2026-05-08,15:11:13,-07:00,2026-05-08T15:11:13-07:00,1,0
meta/main.js,80,js,bca26429,elyse,2026-05-08,15:11:13,-07:00,2026-05-08T15:11:13-07:00,0,0
meta/main.js,81,js,bca26429,elyse,2026-05-08,15:11:13,-07:00,2026-05-08T15:11:13-07:00,1,65
meta/main.js,82,js,bca26429,elyse,2026-05-08,15:11:13,-07:00,2026-05-08T15:11:13-07:00,1,102
meta/main.js,83,js,bca26429,elyse,2026-05-08,15:11:13,-07:00,2026-05-08T15:11:13-07:00,0,0
meta/main.js,84,js,bca26429,elyse,2026-05-08,15:11:13,-07:00,2026-05-08T15:11:13-07:00,1,68
meta/main.js,85,js,bca26429,elyse,2026-05-08,15:11:13,-07:00,2026-05-08T15:11:13-07:00,1,68
meta/main.js,86,js,bca26429,elyse,2026-05-08,15:11:13,-07:00,2026-05-08T15:11:13-07:00,0,0
meta/main.js,87,js,bca26429,elyse,2026-05-08,15:11:13,-07:00,2026-05-08T15:11:13-07:00,0,0
meta/main.js,88,js,bca26429,elyse,2026-05-08,15:11:13,-07:00,2026-05-08T15:11:13-07:00,0,41
meta/main.js,89,js,bca26429,elyse,2026-05-08,15:11:13,-07:00,2026-05-08T15:11:13-07:00,1,17
meta/main.js,90,js,bca26429,elyse,2026-05-08,15:11:13,-07:00,2026-05-08T15:11:13-07:00,1,17
meta/main.js,91,js,bca26429,elyse,2026-05-08,15:11:13,-07:00,2026-05-08T15:11:13-07:00,1,12
meta/main.js,92,js,bca26429,elyse,2026-05-08,15:11:13,-07:00,2026-05-08T15:11:13-07:00,2,15
meta/main.js,93,js,bca26429,elyse,2026-05-08,15:11:13,-07:00,2026-05-08T15:11:13-07:00,2,12
meta/main.js,94,js,bca26429,elyse,2026-05-08,15:11:13,-07:00,2026-05-08T15:11:13-07:00,2,40
meta/main.js,95,js,bca26429,elyse,2026-05-08,15:11:13,-07:00,2026-05-08T15:11:13-07:00,2,28
meta/main.js,96,js,bca26429,elyse,2026-05-08,15:11:13,-07:00,2026-05-08T15:11:13-07:00,0,0
meta/main.js,97,js,bca26429,elyse,2026-05-08,15:11:13,-07:00,2026-05-08T15:11:13-07:00,1,58
meta/main.js,98,js,bca26429,elyse,2026-05-08,15:11:13,-07:00,2026-05-08T15:11:13-07:00,1,18
meta/main.js,99,js,bca26429,elyse,2026-05-08,15:11:13,-07:00,2026-05-08T15:11:13-07:00,2,14
meta/main.js,100,js,bca26429,elyse,2026-05-08,15:11:13,-07:00,2026-05-08T15:11:13-07:00,2,26
meta/main.js,101,js,bca26429,elyse,2026-05-08,15:11:13,-07:00,2026-05-08T15:11:13-07:00,2,29
meta/main.js,102,js,bca26429,elyse,2026-05-08,15:11:13,-07:00,2026-05-08T15:11:13-07:00,2,16
meta/main.js,103,js,bca26429,elyse,2026-05-08,15:11:13,-07:00,2026-05-08T15:11:13-07:00,1,0
meta/main.js,104,js,bca26429,elyse,2026-05-08,15:11:13,-07:00,2026-05-08T15:11:13-07:00,0,0
meta/main.js,105,js,bca26429,elyse,2026-05-08,15:11:13,-07:00,2026-05-08T15:11:13-07:00,1,15
meta/main.js,106,js,bca26429,elyse,2026-05-08,15:11:13,-07:00,2026-05-08T15:11:13-07:00,2,10
meta/main.js,107,js,bca26429,elyse,2026-05-08,15:11:13,-07:00,2026-05-08T15:11:13-07:00,2,44
meta/main.js,108,js,bca26429,elyse,2026-05-08,15:11:13,-07:00,2026-05-08T15:11:13-07:00,2,41
meta/main.js,109,js,bca26429,elyse,2026-05-08,15:11:13,-07:00,2026-05-08T15:11:13-07:00,2,6
meta/main.js,110,js,bca26429,elyse,2026-05-08,15:11:13,-07:00,2026-05-08T15:11:13-07:00,0,0
meta/main.js,111,js,bca26429,elyse,2026-05-08,15:11:13,-07:00,2026-05-08T15:11:13-07:00,1,15
meta/main.js,112,js,bca26429,elyse,2026-05-08,15:11:13,-07:00,2026-05-08T15:11:13-07:00,2,12
meta/main.js,113,js,bca26429,elyse,2026-05-08,15:11:13,-07:00,2026-05-08T15:11:13-07:00,2,14
meta/main.js,114,js,bca26429,elyse,2026-05-08,15:11:13,-07:00,2026-05-08T15:11:13-07:00,2,42
meta/main.js,115,js,bca26429,elyse,2026-05-08,15:11:13,-07:00,2026-05-08T15:11:13-07:00,0,0
meta/main.js,116,js,bca26429,elyse,2026-05-08,15:11:13,-07:00,2026-05-08T15:11:13-07:00,1,52
meta/main.js,117,js,bca26429,elyse,2026-05-08,15:11:13,-07:00,2026-05-08T15:11:13-07:00,0,0
meta/main.js,118,js,bca26429,elyse,2026-05-08,15:11:13,-07:00,2026-05-08T15:11:13-07:00,1,34
meta/main.js,119,js,bca26429,elyse,2026-05-08,15:11:13,-07:00,2026-05-08T15:11:13-07:00,1,14
meta/main.js,120,js,bca26429,elyse,2026-05-08,15:11:13,-07:00,2026-05-08T15:11:13-07:00,2,15
meta/main.js,121,js,bca26429,elyse,2026-05-08,15:11:13,-07:00,2026-05-08T15:11:13-07:00,2,58
meta/main.js,122,js,bca26429,elyse,2026-05-08,15:11:13,-07:00,2026-05-08T15:11:13-07:00,0,0
meta/main.js,123,js,bca26429,elyse,2026-05-08,15:11:13,-07:00,2026-05-08T15:11:13-07:00,1,79
meta/main.js,124,js,bca26429,elyse,2026-05-08,15:11:13,-07:00,2026-05-08T15:11:13-07:00,0,0
meta/main.js,125,js,bca26429,elyse,2026-05-08,15:11:13,-07:00,2026-05-08T15:11:13-07:00,1,63
meta/main.js,126,js,bca26429,elyse,2026-05-08,15:11:13,-07:00,2026-05-08T15:11:13-07:00,1,27
meta/main.js,127,js,bca26429,elyse,2026-05-08,15:11:13,-07:00,2026-05-08T15:11:13-07:00,1,37
meta/main.js,128,js,bca26429,elyse,2026-05-08,15:11:13,-07:00,2026-05-08T15:11:13-07:00,1,15
meta/main.js,129,js,bca26429,elyse,2026-05-08,15:11:13,-07:00,2026-05-08T15:11:13-07:00,2,10
meta/main.js,130,js,bca26429,elyse,2026-05-08,15:11:13,-07:00,2026-05-08T15:11:13-07:00,2,78
meta/main.js,131,js,bca26429,elyse,2026-05-08,15:11:13,-07:00,2026-05-08T15:11:13-07:00,2,14
meta/main.js,132,js,bca26429,elyse,2026-05-08,15:11:13,-07:00,2026-05-08T15:11:13-07:00,0,0
meta/main.js,133,js,bca26429,elyse,2026-05-08,15:11:13,-07:00,2026-05-08T15:11:13-07:00,1,59
meta/main.js,134,js,bca26429,elyse,2026-05-08,15:11:13,-07:00,2026-05-08T15:11:13-07:00,0,0
meta/main.js,135,js,bca26429,elyse,2026-05-08,15:11:13,-07:00,2026-05-08T15:11:13-07:00,1,44
meta/main.js,136,js,bca26429,elyse,2026-05-08,15:11:13,-07:00,2026-05-08T15:11:13-07:00,2,15
meta/main.js,137,js,bca26429,elyse,2026-05-08,15:11:13,-07:00,2026-05-08T15:11:13-07:00,3,11
meta/main.js,138,js,bca26429,elyse,2026-05-08,15:11:13,-07:00,2026-05-08T15:11:13-07:00,2,0
meta/main.js,139,js,bca26429,elyse,2026-05-08,15:11:13,-07:00,2026-05-08T15:11:13-07:00,2,37
meta/main.js,140,js,bca26429,elyse,2026-05-08,15:11:13,-07:00,2026-05-08T15:11:13-07:00,2,33
meta/main.js,141,js,bca26429,elyse,2026-05-08,15:11:13,-07:00,2026-05-08T15:11:13-07:00,2,33
meta/main.js,142,js,bca26429,elyse,2026-05-08,15:11:13,-07:00,2026-05-08T15:11:13-07:00,2,50
meta/main.js,143,js,bca26429,elyse,2026-05-08,15:11:13,-07:00,2026-05-08T15:11:13-07:00,1,0
meta/main.js,144,js,bca26429,elyse,2026-05-08,15:11:13,-07:00,2026-05-08T15:11:13-07:00,0,0
meta/main.js,145,js,bca26429,elyse,2026-05-08,15:11:13,-07:00,2026-05-08T15:11:13-07:00,1,40
meta/main.js,146,js,bca26429,elyse,2026-05-08,15:11:13,-07:00,2026-05-08T15:11:13-07:00,2,31
meta/main.js,147,js,bca26429,elyse,2026-05-08,15:11:13,-07:00,2026-05-08T15:11:13-07:00,3,53
meta/main.js,148,js,bca26429,elyse,2026-05-08,15:11:13,-07:00,2026-05-08T15:11:13-07:00,3,3
meta/main.js,149,js,bca26429,elyse,2026-05-08,15:11:13,-07:00,2026-05-08T15:11:13-07:00,0,0
meta/main.js,150,js,bca26429,elyse,2026-05-08,15:11:13,-07:00,2026-05-08T15:11:13-07:00,2,62
meta/main.js,151,js,bca26429,elyse,2026-05-08,15:11:13,-07:00,2026-05-08T15:11:13-07:00,2,17
meta/main.js,152,js,bca26429,elyse,2026-05-08,15:11:13,-07:00,2026-05-08T15:11:13-07:00,3,78
meta/main.js,153,js,bca26429,elyse,2026-05-08,15:11:13,-07:00,2026-05-08T15:11:13-07:00,2,0
meta/main.js,154,js,bca26429,elyse,2026-05-08,15:11:13,-07:00,2026-05-08T15:11:13-07:00,0,0
meta/main.js,155,js,bca26429,elyse,2026-05-08,15:11:13,-07:00,2026-05-08T15:11:13-07:00,2,21
meta/main.js,156,js,bca26429,elyse,2026-05-08,15:11:13,-07:00,2026-05-08T15:11:13-07:00,1,0
meta/main.js,157,js,bca26429,elyse,2026-05-08,15:11:13,-07:00,2026-05-08T15:11:13-07:00,0,0
meta/main.js,158,js,bca26429,elyse,2026-05-08,15:11:13,-07:00,2026-05-08T15:11:13-07:00,1,43
meta/main.js,159,js,bca26429,elyse,2026-05-08,15:11:13,-07:00,2026-05-08T15:11:13-07:00,2,31
meta/main.js,160,js,bca26429,elyse,2026-05-08,15:11:13,-07:00,2026-05-08T15:11:13-07:00,3,53
meta/main.js,161,js,bca26429,elyse,2026-05-08,15:11:13,-07:00,2026-05-08T15:11:13-07:00,3,3
meta/main.js,162,js,bca26429,elyse,2026-05-08,15:11:13,-07:00,2026-05-08T15:11:13-07:00,2,62
meta/main.js,163,js,bca26429,elyse,2026-05-08,15:11:13,-07:00,2026-05-08T15:11:13-07:00,2,21
meta/main.js,164,js,bca26429,elyse,2026-05-08,15:11:13,-07:00,2026-05-08T15:11:13-07:00,0,0
meta/main.js,165,js,bca26429,elyse,2026-05-08,15:11:13,-07:00,2026-05-08T15:11:13-07:00,2,33
meta/main.js,166,js,bca26429,elyse,2026-05-08,15:11:13,-07:00,2026-05-08T15:11:13-07:00,3,23
meta/main.js,167,js,bca26429,elyse,2026-05-08,15:11:13,-07:00,2026-05-08T15:11:13-07:00,3,5
meta/main.js,168,js,bca26429,elyse,2026-05-08,15:11:13,-07:00,2026-05-08T15:11:13-07:00,2,0
meta/main.js,169,js,bca26429,elyse,2026-05-08,15:11:13,-07:00,2026-05-08T15:11:13-07:00,2,73
meta/main.js,170,js,bca26429,elyse,2026-05-08,15:11:13,-07:00,2026-05-08T15:11:13-07:00,2,52
meta/main.js,171,js,bca26429,elyse,2026-05-08,15:11:13,-07:00,2026-05-08T15:11:13-07:00,0,0
meta/main.js,172,js,bca26429,elyse,2026-05-08,15:11:13,-07:00,2026-05-08T15:11:13-07:00,2,26
meta/main.js,173,js,bca26429,elyse,2026-05-08,15:11:13,-07:00,2026-05-08T15:11:13-07:00,3,4
meta/main.js,174,js,bca26429,elyse,2026-05-08,15:11:13,-07:00,2026-05-08T15:11:13-07:00,3,14
meta/main.js,175,js,bca26429,elyse,2026-05-08,15:11:13,-07:00,2026-05-08T15:11:13-07:00,3,12
meta/main.js,176,js,bca26429,elyse,2026-05-08,15:11:13,-07:00,2026-05-08T15:11:13-07:00,2,0
meta/main.js,177,js,bca26429,elyse,2026-05-08,15:11:13,-07:00,2026-05-08T15:11:13-07:00,0,0
meta/main.js,178,js,bca26429,elyse,2026-05-08,15:11:13,-07:00,2026-05-08T15:11:13-07:00,2,38
meta/main.js,179,js,bca26429,elyse,2026-05-08,15:11:13,-07:00,2026-05-08T15:11:13-07:00,2,82
meta/main.js,180,js,bca26429,elyse,2026-05-08,15:11:13,-07:00,2026-05-08T15:11:13-07:00,2,22
meta/main.js,181,js,bca26429,elyse,2026-05-08,15:11:13,-07:00,2026-05-08T15:11:13-07:00,3,42
meta/main.js,182,js,bca26429,elyse,2026-05-08,15:11:13,-07:00,2026-05-08T15:11:13-07:00,3,42
meta/main.js,183,js,bca26429,elyse,2026-05-08,15:11:13,-07:00,2026-05-08T15:11:13-07:00,3,31
meta/main.js,184,js,bca26429,elyse,2026-05-08,15:11:13,-07:00,2026-05-08T15:11:13-07:00,3,31
meta/main.js,185,js,bca26429,elyse,2026-05-08,15:11:13,-07:00,2026-05-08T15:11:13-07:00,3,54
meta/main.js,186,js,bca26429,elyse,2026-05-08,15:11:13,-07:00,2026-05-08T15:11:13-07:00,3,22
meta/main.js,187,js,bca26429,elyse,2026-05-08,15:11:13,-07:00,2026-05-08T15:11:13-07:00,3,23
meta/main.js,188,js,bca26429,elyse,2026-05-08,15:11:13,-07:00,2026-05-08T15:11:13-07:00,3,13
meta/main.js,189,js,bca26429,elyse,2026-05-08,15:11:13,-07:00,2026-05-08T15:11:13-07:00,2,1
meta/main.js,190,js,bca26429,elyse,2026-05-08,15:11:13,-07:00,2026-05-08T15:11:13-07:00,0,0
meta/main.js,191,js,bca26429,elyse,2026-05-08,15:11:13,-07:00,2026-05-08T15:11:13-07:00,2,23
meta/main.js,192,js,bca26429,elyse,2026-05-08,15:11:13,-07:00,2026-05-08T15:11:13-07:00,0,0
meta/main.js,193,js,bca26429,elyse,2026-05-08,15:11:13,-07:00,2026-05-08T15:11:13-07:00,2,42
meta/main.js,194,js,bca26429,elyse,2026-05-08,15:11:13,-07:00,2026-05-08T15:11:13-07:00,3,38
meta/main.js,195,js,bca26429,elyse,2026-05-08,15:11:13,-07:00,2026-05-08T15:11:13-07:00,3,46
meta/main.js,196,js,bca26429,elyse,2026-05-08,15:11:13,-07:00,2026-05-08T15:11:13-07:00,3,43
meta/main.js,197,js,bca26429,elyse,2026-05-08,15:11:13,-07:00,2026-05-08T15:11:13-07:00,0,0
meta/main.js,198,js,bca26429,elyse,2026-05-08,15:11:13,-07:00,2026-05-08T15:11:13-07:00,3,22
meta/main.js,199,js,bca26429,elyse,2026-05-08,15:11:13,-07:00,2026-05-08T15:11:13-07:00,4,27
meta/main.js,200,js,bca26429,elyse,2026-05-08,15:11:13,-07:00,2026-05-08T15:11:13-07:00,5,37
meta/main.js,201,js,bca26429,elyse,2026-05-08,15:11:13,-07:00,2026-05-08T15:11:13-07:00,5,42
meta/main.js,202,js,bca26429,elyse,2026-05-08,15:11:13,-07:00,2026-05-08T15:11:13-07:00,5,40
meta/main.js,203,js,bca26429,elyse,2026-05-08,15:11:13,-07:00,2026-05-08T15:11:13-07:00,4,4
meta/main.js,204,js,bca26429,elyse,2026-05-08,15:11:13,-07:00,2026-05-08T15:11:13-07:00,3,0
meta/main.js,205,js,bca26429,elyse,2026-05-08,15:11:13,-07:00,2026-05-08T15:11:13-07:00,2,0
meta/main.js,206,js,bca26429,elyse,2026-05-08,15:11:13,-07:00,2026-05-08T15:11:13-07:00,1,0
meta/main.js,207,js,bca26429,elyse,2026-05-08,15:11:13,-07:00,2026-05-08T15:11:13-07:00,0,0
meta/main.js,208,js,bca26429,elyse,2026-05-08,15:11:13,-07:00,2026-05-08T15:11:13-07:00,1,23
meta/main.js,209,js,bca26429,elyse,2026-05-08,15:11:13,-07:00,2026-05-08T15:11:13-07:00,2,32
meta/main.js,210,js,bca26429,elyse,2026-05-08,15:11:13,-07:00,2026-05-08T15:11:13-07:00,2,81
meta/main.js,211,js,bca26429,elyse,2026-05-08,15:11:13,-07:00,2026-05-08T15:11:13-07:00,2,30
meta/main.js,212,js,bca26429,elyse,2026-05-08,15:11:13,-07:00,2026-05-08T15:11:13-07:00,2,33
meta/main.js,213,js,bca26429,elyse,2026-05-08,15:11:13,-07:00,2026-05-08T15:11:13-07:00,1,0
meta/main.js,214,js,bca26429,elyse,2026-05-08,15:11:13,-07:00,2026-05-08T15:11:13-07:00,0,0
meta/main.js,215,js,bca26429,elyse,2026-05-08,15:11:13,-07:00,2026-05-08T15:11:13-07:00,1,14
meta/main.js,216,js,bca26429,elyse,2026-05-08,15:11:13,-07:00,2026-05-08T15:11:13-07:00,2,6
meta/main.js,217,js,bca26429,elyse,2026-05-08,15:11:13,-07:00,2026-05-08T15:11:13-07:00,2,7
meta/main.js,218,js,bca26429,elyse,2026-05-08,15:11:13,-07:00,2026-05-08T15:11:13-07:00,3,32
meta/main.js,219,js,bca26429,elyse,2026-05-08,15:11:13,-07:00,2026-05-08T15:11:13-07:00,3,36
meta/main.js,220,js,bca26429,elyse,2026-05-08,15:11:13,-07:00,2026-05-08T15:11:13-07:00,2,0
meta/main.js,221,js,bca26429,elyse,2026-05-08,15:11:13,-07:00,2026-05-08T15:11:13-07:00,2,30
meta/main.js,222,js,bca26429,elyse,2026-05-08,15:11:13,-07:00,2026-05-08T15:11:13-07:00,0,0
meta/main.js,223,js,bca26429,elyse,2026-05-08,15:11:13,-07:00,2026-05-08T15:11:13-07:00,1,1
meta/main.js,224,js,bca26429,elyse,2026-05-08,15:11:13,-07:00,2026-05-08T15:11:13-07:00,2,10
meta/main.js,225,js,bca26429,elyse,2026-05-08,15:11:13,-07:00,2026-05-08T15:11:13-07:00,2,25
meta/main.js,226,js,bca26429,elyse,2026-05-08,15:11:13,-07:00,2026-05-08T15:11:13-07:00,2,52
meta/main.js,227,js,bca26429,elyse,2026-05-08,15:11:13,-07:00,2026-05-08T15:11:13-07:00,2,14
meta/main.js,228,js,bca26429,elyse,2026-05-08,15:11:13,-07:00,2026-05-08T15:11:13-07:00,2,41
meta/main.js,229,js,bca26429,elyse,2026-05-08,15:11:13,-07:00,2026-05-08T15:11:13-07:00,0,0
meta/main.js,230,js,bca26429,elyse,2026-05-08,15:11:13,-07:00,2026-05-08T15:11:13-07:00,1,49
meta/main.js,231,js,bca26429,elyse,2026-05-08,15:11:13,-07:00,2026-05-08T15:11:13-07:00,0,0
meta/main.js,232,js,bca26429,elyse,2026-05-08,15:11:13,-07:00,2026-05-08T15:11:13-07:00,1,49
meta/main.js,233,js,bca26429,elyse,2026-05-08,15:11:13,-07:00,2026-05-08T15:11:13-07:00,0,0
meta/main.js,234,js,bca26429,elyse,2026-05-08,15:11:13,-07:00,2026-05-08T15:11:13-07:00,1,2
meta/main.js,235,js,bca26429,elyse,2026-05-08,15:11:13,-07:00,2026-05-08T15:11:13-07:00,2,18
meta/main.js,236,js,bca26429,elyse,2026-05-08,15:11:13,-07:00,2026-05-08T15:11:13-07:00,2,18
meta/main.js,237,js,bca26429,elyse,2026-05-08,15:11:13,-07:00,2026-05-08T15:11:13-07:00,2,13
meta/main.js,238,js,bca26429,elyse,2026-05-08,15:11:13,-07:00,2026-05-08T15:11:13-07:00,2,36
meta/main.js,239,js,bca26429,elyse,2026-05-08,15:11:13,-07:00,2026-05-08T15:11:13-07:00,2,36
meta/main.js,240,js,bca26429,elyse,2026-05-08,15:11:13,-07:00,2026-05-08T15:11:13-07:00,2,37
meta/main.js,241,js,bca26429,elyse,2026-05-08,15:11:13,-07:00,2026-05-08T15:11:13-07:00,2,24
meta/main.js,242,js,bca26429,elyse,2026-05-08,15:11:13,-07:00,2026-05-08T15:11:13-07:00,2,25
meta/main.js,243,js,bca26429,elyse,2026-05-08,15:11:13,-07:00,2026-05-08T15:11:13-07:00,2,36
meta/main.js,244,js,bca26429,elyse,2026-05-08,15:11:13,-07:00,2026-05-08T15:11:13-07:00,3,54
meta/main.js,245,js,bca26429,elyse,2026-05-08,15:11:13,-07:00,2026-05-08T15:11:13-07:00,3,27
meta/main.js,246,js,bca26429,elyse,2026-05-08,15:11:13,-07:00,2026-05-08T15:11:13-07:00,3,28
meta/main.js,247,js,bca26429,elyse,2026-05-08,15:11:13,-07:00,2026-05-08T15:11:13-07:00,3,27
meta/main.js,248,js,bca26429,elyse,2026-05-08,15:11:13,-07:00,2026-05-08T15:11:13-07:00,2,0
meta/main.js,249,js,bca26429,elyse,2026-05-08,15:11:13,-07:00,2026-05-08T15:11:13-07:00,2,28
meta/main.js,250,js,bca26429,elyse,2026-05-08,15:11:13,-07:00,2026-05-08T15:11:13-07:00,3,56
meta/main.js,251,js,bca26429,elyse,2026-05-08,15:11:13,-07:00,2026-05-08T15:11:13-07:00,3,29
meta/main.js,252,js,bca26429,elyse,2026-05-08,15:11:13,-07:00,2026-05-08T15:11:13-07:00,2,1
meta/main.js,253,js,bca26429,elyse,2026-05-08,15:11:13,-07:00,2026-05-08T15:11:13-07:00,0,0
meta/main.js,254,js,bca26429,elyse,2026-05-08,15:11:13,-07:00,2026-05-08T15:11:13-07:00,1,1
meta/main.js,255,js,bca26429,elyse,2026-05-08,15:11:13,-07:00,2026-05-08T15:11:13-07:00,2,10
meta/main.js,256,js,bca26429,elyse,2026-05-08,15:11:13,-07:00,2026-05-08T15:11:13-07:00,2,27
meta/main.js,257,js,bca26429,elyse,2026-05-08,15:11:13,-07:00,2026-05-08T15:11:13-07:00,2,54
meta/main.js,258,js,bca26429,elyse,2026-05-08,15:11:13,-07:00,2026-05-08T15:11:13-07:00,2,11
meta/main.js,259,js,bca26429,elyse,2026-05-08,15:11:13,-07:00,2026-05-08T15:11:13-07:00,0,0
meta/main.js,260,js,bca26429,elyse,2026-05-08,15:11:13,-07:00,2026-05-08T15:11:13-07:00,1,1
meta/main.js,261,js,bca26429,elyse,2026-05-08,15:11:13,-07:00,2026-05-08T15:11:13-07:00,2,10
meta/main.js,262,js,bca26429,elyse,2026-05-08,15:11:13,-07:00,2026-05-08T15:11:13-07:00,2,27
meta/main.js,263,js,bca26429,elyse,2026-05-08,15:11:13,-07:00,2026-05-08T15:11:13-07:00,2,52
meta/main.js,264,js,bca26429,elyse,2026-05-08,15:11:13,-07:00,2026-05-08T15:11:13-07:00,2,11
meta/main.js,265,js,bca26429,elyse,2026-05-08,15:11:13,-07:00,2026-05-08T15:11:13-07:00,0,0
meta/main.js,266,js,bca26429,elyse,2026-05-08,15:11:13,-07:00,2026-05-08T15:11:13-07:00,1,43
meta/main.js,267,js,bca26429,elyse,2026-05-08,15:11:13,-07:00,2026-05-08T15:11:13-07:00,0,0
meta/main.js,268,js,bca26429,elyse,2026-05-08,15:11:13,-07:00,2026-05-08T15:11:13-07:00,0,0
meta/main.js,269,js,bca26429,elyse,2026-05-08,15:11:13,-07:00,2026-05-08T15:11:13-07:00,0,37
meta/main.js,270,js,bca26429,elyse,2026-05-08,15:11:13,-07:00,2026-05-08T15:11:13-07:00,1,50
meta/main.js,271,js,bca26429,elyse,2026-05-08,15:11:13,-07:00,2026-05-08T15:11:13-07:00,1,50
meta/main.js,272,js,bca26429,elyse,2026-05-08,15:11:13,-07:00,2026-05-08T15:11:13-07:00,1,72
meta/main.js,273,js,bca26429,elyse,2026-05-08,15:11:13,-07:00,2026-05-08T15:11:13-07:00,0,0
meta/main.js,274,js,bca26429,elyse,2026-05-08,15:11:13,-07:00,2026-05-08T15:11:13-07:00,1,21
meta/main.js,275,js,bca26429,elyse,2026-05-08,15:11:13,-07:00,2026-05-08T15:11:13-07:00,1,27
meta/main.js,276,js,bca26429,elyse,2026-05-08,15:11:13,-07:00,2026-05-08T15:11:13-07:00,1,56
meta/main.js,277,js,bca26429,elyse,2026-05-08,15:11:13,-07:00,2026-05-08T15:11:13-07:00,2,16
meta/main.js,278,js,bca26429,elyse,2026-05-08,15:11:13,-07:00,2026-05-08T15:11:13-07:00,1,1
meta/main.js,279,js,bca26429,elyse,2026-05-08,15:11:13,-07:00,2026-05-08T15:11:13-07:00,0,0
meta/main.js,280,js,bca26429,elyse,2026-05-08,15:11:13,-07:00,2026-05-08T15:11:13-07:00,1,0
meta/main.js,281,js,bca26429,elyse,2026-05-08,15:11:13,-07:00,2026-05-08T15:11:13-07:00,0,0
meta/main.js,282,js,bca26429,elyse,2026-05-08,15:11:13,-07:00,2026-05-08T15:11:13-07:00,0,26
meta/main.js,283,js,bca26429,elyse,2026-05-08,15:11:13,-07:00,2026-05-08T15:11:13-07:00,0,33
meta/main.js,284,js,bca26429,elyse,2026-05-08,15:11:13,-07:00,2026-05-08T15:11:13-07:00,0,0
meta/main.js,285,js,bca26429,elyse,2026-05-08,15:11:13,-07:00,2026-05-08T15:11:13-07:00,0,30
meta/main.js,286,js,bca26429,elyse,2026-05-08,15:11:13,-07:00,2026-05-08T15:11:13-07:00,0,31
meta/main.js,287,js,bca26429,elyse,2026-05-08,15:11:13,-07:00,2026-05-08T15:11:13-07:00,1,0
meta/index.html,1,html,bca26429,elyse,2026-05-08,15:11:13,-07:00,2026-05-08T15:11:13-07:00,0,13
meta/index.html,2,html,bca26429,elyse,2026-05-08,15:11:13,-07:00,2026-05-08T15:11:13-07:00,0,14
meta/index.html,3,html,bca26429,elyse,2026-05-08,15:11:13,-07:00,2026-05-08T15:11:13-07:00,1,4
meta/index.html,4,html,bca26429,elyse,2026-05-08,15:11:13,-07:00,2026-05-08T15:11:13-07:00,2,22
meta/index.html,5,html,bca26429,elyse,2026-05-08,15:11:13,-07:00,2026-05-08T15:11:13-07:00,2,70
meta/index.html,6,html,f76d6073,elyse,2026-05-08,15:14:40,-07:00,2026-05-08T15:14:40-07:00,2,44
meta/index.html,7,html,f76d6073,elyse,2026-05-08,15:14:40,-07:00,2026-05-08T15:14:40-07:00,2,48
meta/index.html,8,html,bca26429,elyse,2026-05-08,15:11:13,-07:00,2026-05-08T15:11:13-07:00,2,17
meta/index.html,9,html,bca26429,elyse,2026-05-08,15:11:13,-07:00,2026-05-08T15:11:13-07:00,2,5
meta/index.html,10,html,bca26429,elyse,2026-05-08,15:11:13,-07:00,2026-05-08T15:11:13-07:00,3,5
meta/index.html,11,html,bca26429,elyse,2026-05-08,15:11:13,-07:00,2026-05-08T15:11:13-07:00,4,73
meta/index.html,12,html,bca26429,elyse,2026-05-08,15:11:13,-07:00,2026-05-08T15:11:13-07:00,3,0
meta/index.html,13,html,bca26429,elyse,2026-05-08,15:11:13,-07:00,2026-05-08T15:11:13-07:00,0,0
meta/index.html,14,html,f76d6073,elyse,2026-05-08,15:14:40,-07:00,2026-05-08T15:14:40-07:00,3,9
meta/index.html,15,html,f76d6073,elyse,2026-05-08,15:14:40,-07:00,2026-05-08T15:14:40-07:00,4,17
meta/index.html,16,html,bca26429,elyse,2026-05-08,15:11:13,-07:00,2026-05-08T15:11:13-07:00,3,0
meta/index.html,17,html,bca26429,elyse,2026-05-08,15:11:13,-07:00,2026-05-08T15:11:13-07:00,0,0
meta/index.html,18,html,bca26429,elyse,2026-05-08,15:11:13,-07:00,2026-05-08T15:11:13-07:00,3,8
meta/index.html,19,html,bca26429,elyse,2026-05-08,15:11:13,-07:00,2026-05-08T15:11:13-07:00,4,24
meta/index.html,20,html,bca26429,elyse,2026-05-08,15:11:13,-07:00,2026-05-08T15:11:13-07:00,4,18
meta/index.html,21,html,bca26429,elyse,2026-05-08,15:11:13,-07:00,2026-05-08T15:11:13-07:00,4,22
meta/index.html,22,html,4d106a45,elyse,2026-05-22,16:03:41,-07:00,2026-05-22T16:03:41-07:00,4,18
meta/index.html,23,html,bca26429,elyse,2026-05-08,15:11:13,-07:00,2026-05-08T15:11:13-07:00,3,0
meta/index.html,24,html,bca26429,elyse,2026-05-08,15:11:13,-07:00,2026-05-08T15:11:13-07:00,0,0
meta/index.html,25,html,bca26429,elyse,2026-05-08,15:11:13,-07:00,2026-05-08T15:11:13-07:00,3,11
meta/index.html,26,html,f76d6073,elyse,2026-05-08,15:14:40,-07:00,2026-05-08T15:14:40-07:00,4,17
meta/index.html,27,html,bca26429,elyse,2026-05-08,15:11:13,-07:00,2026-05-08T15:11:13-07:00,4,15
meta/index.html,28,html,bca26429,elyse,2026-05-08,15:11:13,-07:00,2026-05-08T15:11:13-07:00,3,0
meta/index.html,29,html,bca26429,elyse,2026-05-08,15:11:13,-07:00,2026-05-08T15:11:13-07:00,0,0
meta/index.html,30,html,bca26429,elyse,2026-05-08,15:11:13,-07:00,2026-05-08T15:11:13-07:00,3,13
meta/index.html,31,html,bca26429,elyse,2026-05-08,15:11:13,-07:00,2026-05-08T15:11:13-07:00,4,12
meta/index.html,32,html,bca26429,elyse,2026-05-08,15:11:13,-07:00,2026-05-08T15:11:13-07:00,4,47
meta/index.html,33,html,bca26429,elyse,2026-05-08,15:11:13,-07:00,2026-05-08T15:11:13-07:00,4,7
meta/index.html,34,html,bca26429,elyse,2026-05-08,15:11:13,-07:00,2026-05-08T15:11:13-07:00,3,0
meta/index.html,35,html,bca26429,elyse,2026-05-08,15:11:13,-07:00,2026-05-08T15:11:13-07:00,0,0
meta/index.html,36,html,bca26429,elyse,2026-05-08,15:11:13,-07:00,2026-05-08T15:11:13-07:00,3,13
meta/index.html,37,html,bca26429,elyse,2026-05-08,15:11:13,-07:00,2026-05-08T15:11:13-07:00,4,11
meta/index.html,38,html,bca26429,elyse,2026-05-08,15:11:13,-07:00,2026-05-08T15:11:13-07:00,3,0
meta/index.html,39,html,bca26429,elyse,2026-05-08,15:11:13,-07:00,2026-05-08T15:11:13-07:00,0,0
meta/index.html,40,html,bca26429,elyse,2026-05-08,15:11:13,-07:00,2026-05-08T15:11:13-07:00,3,14
meta/index.html,41,html,bca26429,elyse,2026-05-08,15:11:13,-07:00,2026-05-08T15:11:13-07:00,4,8
meta/index.html,42,html,bca26429,elyse,2026-05-08,15:11:13,-07:00,2026-05-08T15:11:13-07:00,4,14
meta/index.html,43,html,bca26429,elyse,2026-05-08,15:11:13,-07:00,2026-05-08T15:11:13-07:00,4,13
meta/index.html,44,html,bca26429,elyse,2026-05-08,15:11:13,-07:00,2026-05-08T15:11:13-07:00,4,21
meta/index.html,45,html,bca26429,elyse,2026-05-08,15:11:13,-07:00,2026-05-08T15:11:13-07:00,3,0
meta/index.html,46,html,bca26429,elyse,2026-05-08,15:11:13,-07:00,2026-05-08T15:11:13-07:00,0,0
meta/index.html,47,html,bca26429,elyse,2026-05-08,15:11:13,-07:00,2026-05-08T15:11:13-07:00,3,14
meta/index.html,48,html,bca26429,elyse,2026-05-08,15:11:13,-07:00,2026-05-08T15:11:13-07:00,4,14
meta/index.html,49,html,bca26429,elyse,2026-05-08,15:11:13,-07:00,2026-05-08T15:11:13-07:00,4,14
meta/index.html,50,html,bca26429,elyse,2026-05-08,15:11:13,-07:00,2026-05-08T15:11:13-07:00,4,15
meta/index.html,51,html,bca26429,elyse,2026-05-08,15:11:13,-07:00,2026-05-08T15:11:13-07:00,4,13
meta/index.html,52,html,bca26429,elyse,2026-05-08,15:11:13,-07:00,2026-05-08T15:11:13-07:00,4,10
meta/index.html,53,html,bca26429,elyse,2026-05-08,15:11:13,-07:00,2026-05-08T15:11:13-07:00,3,0
meta/index.html,54,html,bca26429,elyse,2026-05-08,15:11:13,-07:00,2026-05-08T15:11:13-07:00,0,0
meta/index.html,55,html,bca26429,elyse,2026-05-08,15:11:13,-07:00,2026-05-08T15:11:13-07:00,3,6
meta/index.html,56,html,4d106a45,elyse,2026-05-22,16:03:41,-07:00,2026-05-22T16:03:41-07:00,4,17
meta/index.html,57,html,bca26429,elyse,2026-05-08,15:11:13,-07:00,2026-05-08T15:11:13-07:00,4,10
meta/index.html,58,html,f76d6073,elyse,2026-05-08,15:14:40,-07:00,2026-05-08T15:14:40-07:00,4,14
meta/index.html,59,html,bca26429,elyse,2026-05-08,15:11:13,-07:00,2026-05-08T15:11:13-07:00,4,21
meta/index.html,60,html,bca26429,elyse,2026-05-08,15:11:13,-07:00,2026-05-08T15:11:13-07:00,3,0
meta/index.html,61,html,bca26429,elyse,2026-05-08,15:11:13,-07:00,2026-05-08T15:11:13-07:00,0,0
meta/index.html,62,html,bca26429,elyse,2026-05-08,15:11:13,-07:00,2026-05-08T15:11:13-07:00,3,10
meta/index.html,63,html,bca26429,elyse,2026-05-08,15:11:13,-07:00,2026-05-08T15:11:13-07:00,4,13
meta/index.html,64,html,f76d6073,elyse,2026-05-08,15:14:40,-07:00,2026-05-08T15:14:40-07:00,4,10
meta/index.html,65,html,f76d6073,elyse,2026-05-08,15:14:40,-07:00,2026-05-08T15:14:40-07:00,4,14
meta/index.html,66,html,bca26429,elyse,2026-05-08,15:11:13,-07:00,2026-05-08T15:11:13-07:00,4,11
meta/index.html,67,html,bca26429,elyse,2026-05-08,15:11:13,-07:00,2026-05-08T15:11:13-07:00,3,0
meta/index.html,68,html,bca26429,elyse,2026-05-08,15:11:13,-07:00,2026-05-08T15:11:13-07:00,0,0
meta/index.html,69,html,bca26429,elyse,2026-05-08,15:11:13,-07:00,2026-05-08T15:11:13-07:00,3,21
meta/index.html,70,html,bca26429,elyse,2026-05-08,15:11:13,-07:00,2026-05-08T15:11:13-07:00,4,14
meta/index.html,71,html,bca26429,elyse,2026-05-08,15:11:13,-07:00,2026-05-08T15:11:13-07:00,4,19
meta/index.html,72,html,bca26429,elyse,2026-05-08,15:11:13,-07:00,2026-05-08T15:11:13-07:00,4,14
meta/index.html,73,html,bca26429,elyse,2026-05-08,15:11:13,-07:00,2026-05-08T15:11:13-07:00,4,26
meta/index.html,74,html,bca26429,elyse,2026-05-08,15:11:13,-07:00,2026-05-08T15:11:13-07:00,3,0
meta/index.html,75,html,bca26429,elyse,2026-05-08,15:11:13,-07:00,2026-05-08T15:11:13-07:00,0,0
meta/index.html,76,html,bca26429,elyse,2026-05-08,15:11:13,-07:00,2026-05-08T15:11:13-07:00,3,15
meta/index.html,77,html,bca26429,elyse,2026-05-08,15:11:13,-07:00,2026-05-08T15:11:13-07:00,4,12
meta/index.html,78,html,bca26429,elyse,2026-05-08,15:11:13,-07:00,2026-05-08T15:11:13-07:00,3,0
meta/index.html,79,html,bca26429,elyse,2026-05-08,15:11:13,-07:00,2026-05-08T15:11:13-07:00,0,0
meta/index.html,80,html,bca26429,elyse,2026-05-08,15:11:13,-07:00,2026-05-08T15:11:13-07:00,3,9
meta/index.html,81,html,bca26429,elyse,2026-05-08,15:11:13,-07:00,2026-05-08T15:11:13-07:00,3,10
meta/index.html,82,html,bca26429,elyse,2026-05-08,15:11:13,-07:00,2026-05-08T15:11:13-07:00,4,11
meta/index.html,83,html,bca26429,elyse,2026-05-08,15:11:13,-07:00,2026-05-08T15:11:13-07:00,3,0
meta/index.html,84,html,bca26429,elyse,2026-05-08,15:11:13,-07:00,2026-05-08T15:11:13-07:00,0,0
meta/index.html,85,html,bca26429,elyse,2026-05-08,15:11:13,-07:00,2026-05-08T15:11:13-07:00,3,10
meta/index.html,86,html,bca26429,elyse,2026-05-08,15:11:13,-07:00,2026-05-08T15:11:13-07:00,4,9
meta/index.html,87,html,bca26429,elyse,2026-05-08,15:11:13,-07:00,2026-05-08T15:11:13-07:00,4,14
meta/index.html,88,html,bca26429,elyse,2026-05-08,15:11:13,-07:00,2026-05-08T15:11:13-07:00,3,0
meta/index.html,89,html,bca26429,elyse,2026-05-08,15:11:13,-07:00,2026-05-08T15:11:13-07:00,0,0
meta/index.html,90,html,bca26429,elyse,2026-05-08,15:11:13,-07:00,2026-05-08T15:11:13-07:00,3,7
meta/index.html,91,html,bca26429,elyse,2026-05-08,15:11:13,-07:00,2026-05-08T15:11:13-07:00,4,12
meta/index.html,92,html,bca26429,elyse,2026-05-08,15:11:13,-07:00,2026-05-08T15:11:13-07:00,4,30
meta/index.html,93,html,bca26429,elyse,2026-05-08,15:11:13,-07:00,2026-05-08T15:11:13-07:00,4,18
meta/index.html,94,html,bca26429,elyse,2026-05-08,15:11:13,-07:00,2026-05-08T15:11:13-07:00,4,15
meta/index.html,95,html,bca26429,elyse,2026-05-08,15:11:13,-07:00,2026-05-08T15:11:13-07:00,4,8
meta/index.html,96,html,bca26429,elyse,2026-05-08,15:11:13,-07:00,2026-05-08T15:11:13-07:00,4,25
meta/index.html,97,html,bca26429,elyse,2026-05-08,15:11:13,-07:00,2026-05-08T15:11:13-07:00,4,39
meta/index.html,98,html,bca26429,elyse,2026-05-08,15:11:13,-07:00,2026-05-08T15:11:13-07:00,3,0
meta/index.html,99,html,bca26429,elyse,2026-05-08,15:11:13,-07:00,2026-05-08T15:11:13-07:00,0,0
meta/index.html,100,html,bca26429,elyse,2026-05-08,15:11:13,-07:00,2026-05-08T15:11:13-07:00,3,42
meta/index.html,101,html,bca26429,elyse,2026-05-08,15:11:13,-07:00,2026-05-08T15:11:13-07:00,4,9
meta/index.html,102,html,bca26429,elyse,2026-05-08,15:11:13,-07:00,2026-05-08T15:11:13-07:00,4,17
meta/index.html,103,html,bca26429,elyse,2026-05-08,15:11:13,-07:00,2026-05-08T15:11:13-07:00,4,19
meta/index.html,104,html,bca26429,elyse,2026-05-08,15:11:13,-07:00,2026-05-08T15:11:13-07:00,3,0
meta/index.html,105,html,bca26429,elyse,2026-05-08,15:11:13,-07:00,2026-05-08T15:11:13-07:00,0,0
meta/index.html,106,html,bca26429,elyse,2026-05-08,15:11:13,-07:00,2026-05-08T15:11:13-07:00,3,23
meta/index.html,107,html,bca26429,elyse,2026-05-08,15:11:13,-07:00,2026-05-08T15:11:13-07:00,4,12
meta/index.html,108,html,bca26429,elyse,2026-05-08,15:11:13,-07:00,2026-05-08T15:11:13-07:00,3,0
meta/index.html,109,html,bca26429,elyse,2026-05-08,15:11:13,-07:00,2026-05-08T15:11:13-07:00,0,0
meta/index.html,110,html,bca26429,elyse,2026-05-08,15:11:13,-07:00,2026-05-08T15:11:13-07:00,3,9
meta/index.html,111,html,bca26429,elyse,2026-05-08,15:11:13,-07:00,2026-05-08T15:11:13-07:00,3,10
meta/index.html,112,html,bca26429,elyse,2026-05-08,15:11:13,-07:00,2026-05-08T15:11:13-07:00,4,8
meta/index.html,113,html,bca26429,elyse,2026-05-08,15:11:13,-07:00,2026-05-08T15:11:13-07:00,3,0
meta/index.html,114,html,bca26429,elyse,2026-05-08,15:11:13,-07:00,2026-05-08T15:11:13-07:00,0,0
meta/index.html,115,html,bca26429,elyse,2026-05-08,15:11:13,-07:00,2026-05-08T15:11:13-07:00,3,10
meta/index.html,116,html,bca26429,elyse,2026-05-08,15:11:13,-07:00,2026-05-08T15:11:13-07:00,4,16
meta/index.html,117,html,bca26429,elyse,2026-05-08,15:11:13,-07:00,2026-05-08T15:11:13-07:00,4,15
meta/index.html,118,html,bca26429,elyse,2026-05-08,15:11:13,-07:00,2026-05-08T15:11:13-07:00,4,13
meta/index.html,119,html,bca26429,elyse,2026-05-08,15:11:13,-07:00,2026-05-08T15:11:13-07:00,4,21
meta/index.html,120,html,bca26429,elyse,2026-05-08,15:11:13,-07:00,2026-05-08T15:11:13-07:00,3,0
meta/index.html,121,html,bca26429,elyse,2026-05-08,15:11:13,-07:00,2026-05-08T15:11:13-07:00,0,0
meta/index.html,122,html,bca26429,elyse,2026-05-08,15:11:13,-07:00,2026-05-08T15:11:13-07:00,3,10
meta/index.html,123,html,bca26429,elyse,2026-05-08,15:11:13,-07:00,2026-05-08T15:11:13-07:00,4,17
meta/index.html,124,html,bca26429,elyse,2026-05-08,15:11:13,-07:00,2026-05-08T15:11:13-07:00,4,15
meta/index.html,125,html,bca26429,elyse,2026-05-08,15:11:13,-07:00,2026-05-08T15:11:13-07:00,4,10
meta/index.html,126,html,bca26429,elyse,2026-05-08,15:11:13,-07:00,2026-05-08T15:11:13-07:00,3,0
meta/index.html,127,html,bca26429,elyse,2026-05-08,15:11:13,-07:00,2026-05-08T15:11:13-07:00,0,0
meta/index.html,128,html,bca26429,elyse,2026-05-08,15:11:13,-07:00,2026-05-08T15:11:13-07:00,3,8
meta/index.html,129,html,bca26429,elyse,2026-05-08,15:11:13,-07:00,2026-05-08T15:11:13-07:00,4,14
meta/index.html,130,html,bca26429,elyse,2026-05-08,15:11:13,-07:00,2026-05-08T15:11:13-07:00,4,12
meta/index.html,131,html,bca26429,elyse,2026-05-08,15:11:13,-07:00,2026-05-08T15:11:13-07:00,4,26
meta/index.html,132,html,bca26429,elyse,2026-05-08,15:11:13,-07:00,2026-05-08T15:11:13-07:00,4,23
meta/index.html,133,html,bca26429,elyse,2026-05-08,15:11:13,-07:00,2026-05-08T15:11:13-07:00,4,36
meta/index.html,134,html,bca26429,elyse,2026-05-08,15:11:13,-07:00,2026-05-08T15:11:13-07:00,4,36
meta/index.html,135,html,bca26429,elyse,2026-05-08,15:11:13,-07:00,2026-05-08T15:11:13-07:00,4,18
meta/index.html,136,html,bca26429,elyse,2026-05-08,15:11:13,-07:00,2026-05-08T15:11:13-07:00,4,9
meta/index.html,137,html,bca26429,elyse,2026-05-08,15:11:13,-07:00,2026-05-08T15:11:13-07:00,5,28
meta/index.html,138,html,bca26429,elyse,2026-05-08,15:11:13,-07:00,2026-05-08T15:11:13-07:00,5,28
meta/index.html,139,html,bca26429,elyse,2026-05-08,15:11:13,-07:00,2026-05-08T15:11:13-07:00,4,25
meta/index.html,140,html,bca26429,elyse,2026-05-08,15:11:13,-07:00,2026-05-08T15:11:13-07:00,4,33
meta/index.html,141,html,bca26429,elyse,2026-05-08,15:11:13,-07:00,2026-05-08T15:11:13-07:00,3,0
meta/index.html,142,html,bca26429,elyse,2026-05-08,15:11:13,-07:00,2026-05-08T15:11:13-07:00,0,0
meta/index.html,143,html,bca26429,elyse,2026-05-08,15:11:13,-07:00,2026-05-08T15:11:13-07:00,3,6
meta/index.html,144,html,a844236b,elyse,2026-05-22,15:39:44,-07:00,2026-05-22T15:39:44-07:00,4,46
meta/index.html,145,html,bca26429,elyse,2026-05-08,15:11:13,-07:00,2026-05-08T15:11:13-07:00,4,23
meta/index.html,146,html,bca26429,elyse,2026-05-08,15:11:13,-07:00,2026-05-08T15:11:13-07:00,4,22
meta/index.html,147,html,a844236b,elyse,2026-05-22,15:39:44,-07:00,2026-05-22T15:39:44-07:00,0,0
meta/index.html,148,html,a844236b,elyse,2026-05-22,15:39:44,-07:00,2026-05-22T15:39:44-07:00,4,15
meta/index.html,149,html,a844236b,elyse,2026-05-22,15:39:44,-07:00,2026-05-22T15:39:44-07:00,5,3
meta/index.html,150,html,a844236b,elyse,2026-05-22,15:39:44,-07:00,2026-05-22T15:39:44-07:00,4,0
meta/index.html,151,html,bca26429,elyse,2026-05-08,15:11:13,-07:00,2026-05-08T15:11:13-07:00,3,0
meta/index.html,152,html,bca26429,elyse,2026-05-08,15:11:13,-07:00,2026-05-08T15:11:13-07:00,0,0
meta/index.html,153,html,bca26429,elyse,2026-05-08,15:11:13,-07:00,2026-05-08T15:11:13-07:00,3,12
meta/index.html,154,html,bca26429,elyse,2026-05-08,15:11:13,-07:00,2026-05-08T15:11:13-07:00,4,20
meta/index.html,155,html,bca26429,elyse,2026-05-08,15:11:13,-07:00,2026-05-08T15:11:13-07:00,3,0
meta/index.html,156,html,bca26429,elyse,2026-05-08,15:11:13,-07:00,2026-05-08T15:11:13-07:00,0,0
meta/index.html,157,html,bca26429,elyse,2026-05-08,15:11:13,-07:00,2026-05-08T15:11:13-07:00,3,15
meta/index.html,158,html,bca26429,elyse,2026-05-08,15:11:13,-07:00,2026-05-08T15:11:13-07:00,4,12
meta/index.html,159,html,bca26429,elyse,2026-05-08,15:11:13,-07:00,2026-05-08T15:11:13-07:00,3,0
meta/index.html,160,html,bca26429,elyse,2026-05-08,15:11:13,-07:00,2026-05-08T15:11:13-07:00,0,0
meta/index.html,161,html,bca26429,elyse,2026-05-08,15:11:13,-07:00,2026-05-08T15:11:13-07:00,3,24
meta/index.html,162,html,bca26429,elyse,2026-05-08,15:11:13,-07:00,2026-05-08T15:11:13-07:00,4,2
meta/index.html,163,html,bca26429,elyse,2026-05-08,15:11:13,-07:00,2026-05-08T15:11:13-07:00,5,20
meta/index.html,164,html,bca26429,elyse,2026-05-08,15:11:13,-07:00,2026-05-08T15:11:13-07:00,4,0
meta/index.html,165,html,bca26429,elyse,2026-05-08,15:11:13,-07:00,2026-05-08T15:11:13-07:00,3,0
meta/index.html,166,html,bca26429,elyse,2026-05-08,15:11:13,-07:00,2026-05-08T15:11:13-07:00,0,0
meta/index.html,167,html,bca26429,elyse,2026-05-08,15:11:13,-07:00,2026-05-08T15:11:13-07:00,3,10
meta/index.html,168,html,bca26429,elyse,2026-05-08,15:11:13,-07:00,2026-05-08T15:11:13-07:00,4,16
meta/index.html,169,html,bca26429,elyse,2026-05-08,15:11:13,-07:00,2026-05-08T15:11:13-07:00,4,12
meta/index.html,170,html,bca26429,elyse,2026-05-08,15:11:13,-07:00,2026-05-08T15:11:13-07:00,4,18
meta/index.html,171,html,bca26429,elyse,2026-05-08,15:11:13,-07:00,2026-05-08T15:11:13-07:00,4,20
meta/index.html,172,html,bca26429,elyse,2026-05-08,15:11:13,-07:00,2026-05-08T15:11:13-07:00,4,42
meta/index.html,173,html,bca26429,elyse,2026-05-08,15:11:13,-07:00,2026-05-08T15:11:13-07:00,3,0
meta/index.html,174,html,bca26429,elyse,2026-05-08,15:11:13,-07:00,2026-05-08T15:11:13-07:00,0,0
meta/index.html,175,html,bca26429,elyse,2026-05-08,15:11:13,-07:00,2026-05-08T15:11:13-07:00,3,16
meta/index.html,176,html,bca26429,elyse,2026-05-08,15:11:13,-07:00,2026-05-08T15:11:13-07:00,4,18
meta/index.html,177,html,bca26429,elyse,2026-05-08,15:11:13,-07:00,2026-05-08T15:11:13-07:00,4,17
meta/index.html,178,html,bca26429,elyse,2026-05-08,15:11:13,-07:00,2026-05-08T15:11:13-07:00,4,13
meta/index.html,179,html,f76d6073,elyse,2026-05-08,15:14:40,-07:00,2026-05-08T15:14:40-07:00,4,17
meta/index.html,180,html,bca26429,elyse,2026-05-08,15:11:13,-07:00,2026-05-08T15:11:13-07:00,3,0
meta/index.html,181,html,bca26429,elyse,2026-05-08,15:11:13,-07:00,2026-05-08T15:11:13-07:00,0,0
meta/index.html,182,html,bca26429,elyse,2026-05-08,15:11:13,-07:00,2026-05-08T15:11:13-07:00,3,19
meta/index.html,183,html,bca26429,elyse,2026-05-08,15:11:13,-07:00,2026-05-08T15:11:13-07:00,4,12
meta/index.html,184,html,bca26429,elyse,2026-05-08,15:11:13,-07:00,2026-05-08T15:11:13-07:00,4,14
meta/index.html,185,html,bca26429,elyse,2026-05-08,15:11:13,-07:00,2026-05-08T15:11:13-07:00,4,22
meta/index.html,186,html,f76d6073,elyse,2026-05-08,15:14:40,-07:00,2026-05-08T15:14:40-07:00,4,22
meta/index.html,187,html,bca26429,elyse,2026-05-08,15:11:13,-07:00,2026-05-08T15:11:13-07:00,4,15
meta/index.html,188,html,bca26429,elyse,2026-05-08,15:11:13,-07:00,2026-05-08T15:11:13-07:00,4,15
meta/index.html,189,html,bca26429,elyse,2026-05-08,15:11:13,-07:00,2026-05-08T15:11:13-07:00,3,0
meta/index.html,190,html,bca26429,elyse,2026-05-08,15:11:13,-07:00,2026-05-08T15:11:13-07:00,0,0
meta/index.html,191,html,bca26429,elyse,2026-05-08,15:11:13,-07:00,2026-05-08T15:11:13-07:00,3,16
meta/index.html,192,html,bca26429,elyse,2026-05-08,15:11:13,-07:00,2026-05-08T15:11:13-07:00,4,16
meta/index.html,193,html,bca26429,elyse,2026-05-08,15:11:13,-07:00,2026-05-08T15:11:13-07:00,3,0
meta/index.html,194,html,bca26429,elyse,2026-05-08,15:11:13,-07:00,2026-05-08T15:11:13-07:00,0,0
meta/index.html,195,html,bca26429,elyse,2026-05-08,15:11:13,-07:00,2026-05-08T15:11:13-07:00,3,14
meta/index.html,196,html,bca26429,elyse,2026-05-08,15:11:13,-07:00,2026-05-08T15:11:13-07:00,4,17
meta/index.html,197,html,bca26429,elyse,2026-05-08,15:11:13,-07:00,2026-05-08T15:11:13-07:00,4,17
meta/index.html,198,html,bca26429,elyse,2026-05-08,15:11:13,-07:00,2026-05-08T15:11:13-07:00,4,15
meta/index.html,199,html,bca26429,elyse,2026-05-08,15:11:13,-07:00,2026-05-08T15:11:13-07:00,4,15
meta/index.html,200,html,bca26429,elyse,2026-05-08,15:11:13,-07:00,2026-05-08T15:11:13-07:00,4,24
meta/index.html,201,html,bca26429,elyse,2026-05-08,15:11:13,-07:00,2026-05-08T15:11:13-07:00,4,21
meta/index.html,202,html,bca26429,elyse,2026-05-08,15:11:13,-07:00,2026-05-08T15:11:13-07:00,4,10
meta/index.html,203,html,bca26429,elyse,2026-05-08,15:11:13,-07:00,2026-05-08T15:11:13-07:00,3,0
meta/index.html,204,html,bca26429,elyse,2026-05-08,15:11:13,-07:00,2026-05-08T15:11:13-07:00,0,0
meta/index.html,205,html,bca26429,elyse,2026-05-08,15:11:13,-07:00,2026-05-08T15:11:13-07:00,3,14
meta/index.html,206,html,bca26429,elyse,2026-05-08,15:11:13,-07:00,2026-05-08T15:11:13-07:00,3,13
meta/index.html,207,html,bca26429,elyse,2026-05-08,15:11:13,-07:00,2026-05-08T15:11:13-07:00,4,8
meta/index.html,208,html,bca26429,elyse,2026-05-08,15:11:13,-07:00,2026-05-08T15:11:13-07:00,4,79
meta/index.html,209,html,bca26429,elyse,2026-05-08,15:11:13,-07:00,2026-05-08T15:11:13-07:00,4,16
meta/index.html,210,html,bca26429,elyse,2026-05-08,15:11:13,-07:00,2026-05-08T15:11:13-07:00,4,15
meta/index.html,211,html,bca26429,elyse,2026-05-08,15:11:13,-07:00,2026-05-08T15:11:13-07:00,4,13
meta/index.html,212,html,bca26429,elyse,2026-05-08,15:11:13,-07:00,2026-05-08T15:11:13-07:00,3,0
meta/index.html,213,html,bca26429,elyse,2026-05-08,15:11:13,-07:00,2026-05-08T15:11:13-07:00,0,0
meta/index.html,214,html,bca26429,elyse,2026-05-08,15:11:13,-07:00,2026-05-08T15:11:13-07:00,3,13
meta/index.html,215,html,bca26429,elyse,2026-05-08,15:11:13,-07:00,2026-05-08T15:11:13-07:00,4,17
meta/index.html,216,html,bca26429,elyse,2026-05-08,15:11:13,-07:00,2026-05-08T15:11:13-07:00,3,0
meta/index.html,217,html,a844236b,elyse,2026-05-22,15:39:44,-07:00,2026-05-22T15:39:44-07:00,0,0
meta/index.html,218,html,bca26429,elyse,2026-05-08,15:11:13,-07:00,2026-05-08T15:11:13-07:00,2,6
meta/index.html,219,html,bca26429,elyse,2026-05-08,15:11:13,-07:00,2026-05-08T15:11:13-07:00,1,5
meta/index.html,220,html,bca26429,elyse,2026-05-08,15:11:13,-07:00,2026-05-08T15:11:13-07:00,1,4
meta/index.html,221,html,bca26429,elyse,2026-05-08,15:11:13,-07:00,2026-05-08T15:11:13-07:00,2,20
meta/index.html,222,html,a844236b,elyse,2026-05-22,15:39:44,-07:00,2026-05-22T15:39:44-07:00,2,45
meta/index.html,223,html,4d106a45,elyse,2026-05-22,16:03:41,-07:00,2026-05-22T16:03:41-07:00,2,18
meta/index.html,224,html,4d106a45,elyse,2026-05-22,16:03:41,-07:00,2026-05-22T16:03:41-07:00,3,28
meta/index.html,225,html,4d106a45,elyse,2026-05-22,16:03:41,-07:00,2026-05-22T16:03:41-07:00,3,21
meta/index.html,226,html,4d106a45,elyse,2026-05-22,16:03:41,-07:00,2026-05-22T16:03:41-07:00,4,29
meta/index.html,227,html,4d106a45,elyse,2026-05-22,16:03:41,-07:00,2026-05-22T16:03:41-07:00,4,20
meta/index.html,228,html,4d106a45,elyse,2026-05-22,16:03:41,-07:00,2026-05-22T16:03:41-07:00,4,45
meta/index.html,229,html,4d106a45,elyse,2026-05-22,16:03:41,-07:00,2026-05-22T16:03:41-07:00,4,79
meta/index.html,230,html,4d106a45,elyse,2026-05-22,16:03:41,-07:00,2026-05-22T16:03:41-07:00,3,4
meta/index.html,231,html,4d106a45,elyse,2026-05-22,16:03:41,-07:00,2026-05-22T16:03:41-07:00,2,4
meta/index.html,232,html,bca26429,elyse,2026-05-08,15:11:13,-07:00,2026-05-08T15:11:13-07:00,2,50
meta/index.html,233,html,bca26429,elyse,2026-05-08,15:11:13,-07:00,2026-05-08T15:11:13-07:00,3,13
meta/index.html,234,html,bca26429,elyse,2026-05-08,15:11:13,-07:00,2026-05-08T15:11:13-07:00,3,2
meta/index.html,235,html,bca26429,elyse,2026-05-08,15:11:13,-07:00,2026-05-08T15:11:13-07:00,4,46
meta/index.html,236,html,bca26429,elyse,2026-05-08,15:11:13,-07:00,2026-05-08T15:11:13-07:00,3,3
meta/index.html,237,html,bca26429,elyse,2026-05-08,15:11:13,-07:00,2026-05-08T15:11:13-07:00,0,0
meta/index.html,238,html,bca26429,elyse,2026-05-08,15:11:13,-07:00,2026-05-08T15:11:13-07:00,3,11
meta/index.html,239,html,bca26429,elyse,2026-05-08,15:11:13,-07:00,2026-05-08T15:11:13-07:00,3,24
meta/index.html,240,html,bca26429,elyse,2026-05-08,15:11:13,-07:00,2026-05-08T15:11:13-07:00,0,0
meta/index.html,241,html,bca26429,elyse,2026-05-08,15:11:13,-07:00,2026-05-08T15:11:13-07:00,3,38
meta/index.html,242,html,bca26429,elyse,2026-05-08,15:11:13,-07:00,2026-05-08T15:11:13-07:00,2,3
meta/index.html,243,html,4d106a45,elyse,2026-05-22,16:03:41,-07:00,2026-05-22T16:03:41-07:00,0,0
meta/index.html,244,html,4d106a45,elyse,2026-05-22,16:03:41,-07:00,2026-05-22T16:03:41-07:00,2,18
meta/index.html,245,html,4d106a45,elyse,2026-05-22,16:03:41,-07:00,2026-05-22T16:03:41-07:00,3,18
meta/index.html,246,html,4d106a45,elyse,2026-05-22,16:03:41,-07:00,2026-05-22T16:03:41-07:00,4,18
meta/index.html,247,html,4d106a45,elyse,2026-05-22,16:03:41,-07:00,2026-05-22T16:03:41-07:00,3,4
meta/index.html,248,html,4d106a45,elyse,2026-05-22,16:03:41,-07:00,2026-05-22T16:03:41-07:00,3,26
meta/index.html,249,html,4d106a45,elyse,2026-05-22,16:03:41,-07:00,2026-05-22T16:03:41-07:00,2,4
meta/index.html,250,html,bca26429,elyse,2026-05-08,15:11:13,-07:00,2026-05-08T15:11:13-07:00,1,5
meta/index.html,251,html,bca26429,elyse,2026-05-08,15:11:13,-07:00,2026-05-08T15:11:13-07:00,0,5
cv/index.html,1,html,0bac7d1,elyse,2026-04-08,00:36:29,-07:00,2026-04-08T00:36:29-07:00,0,13
cv/index.html,2,html,0bac7d1,elyse,2026-04-08,00:36:29,-07:00,2026-04-08T00:36:29-07:00,0,14
cv/index.html,3,html,0bac7d1,elyse,2026-04-08,00:36:29,-07:00,2026-04-08T00:36:29-07:00,0,4
cv/index.html,4,html,0bac7d1,elyse,2026-04-08,00:36:29,-07:00,2026-04-08T00:36:29-07:00,2,20
cv/index.html,5,html,0bac7d1,elyse,2026-04-08,00:36:29,-07:00,2026-04-08T00:36:29-07:00,2,68
cv/index.html,6,html,a73173ed,elyse,2026-04-08,01:14:18,-07:00,2026-04-08T01:14:18-07:00,2,44
cv/index.html,7,html,4a3f9fd9,elyse,2026-04-09,12:53:20,-07:00,2026-04-09T12:53:20-07:00,2,37
cv/index.html,8,html,f26a86e8,elyse,2026-04-16,18:37:53,-07:00,2026-04-16T18:37:53-07:00,2,48
cv/index.html,9,html,0bac7d1,elyse,2026-04-08,00:36:29,-07:00,2026-04-08T00:36:29-07:00,2,22
cv/index.html,10,html,0bac7d1,elyse,2026-04-08,00:36:29,-07:00,2026-04-08T00:36:29-07:00,0,5
cv/index.html,11,html,4a3f9fd9,elyse,2026-04-09,12:53:20,-07:00,2026-04-09T12:53:20-07:00,0,20
cv/index.html,12,html,4a3f9fd9,elyse,2026-04-09,12:53:20,-07:00,2026-04-09T12:53:20-07:00,2,25
cv/index.html,13,html,4a3f9fd9,elyse,2026-04-09,12:53:20,-07:00,2026-04-09T12:53:20-07:00,4,22
cv/index.html,14,html,4a3f9fd9,elyse,2026-04-09,12:53:20,-07:00,2026-04-09T12:53:20-07:00,6,18
cv/index.html,15,html,4a3f9fd9,elyse,2026-04-09,12:53:20,-07:00,2026-04-09T12:53:20-07:00,6,19
cv/index.html,16,html,4a3f9fd9,elyse,2026-04-09,12:53:20,-07:00,2026-04-09T12:53:20-07:00,6,23
cv/index.html,17,html,4a3f9fd9,elyse,2026-04-09,12:53:20,-07:00,2026-04-09T12:53:20-07:00,8,68
cv/index.html,18,html,4a3f9fd9,elyse,2026-04-09,12:53:20,-07:00,2026-04-09T12:53:20-07:00,6,7
cv/index.html,19,html,4a3f9fd9,elyse,2026-04-09,12:53:20,-07:00,2026-04-09T12:53:20-07:00,6,19
cv/index.html,20,html,4a3f9fd9,elyse,2026-04-09,12:53:20,-07:00,2026-04-09T12:53:20-07:00,8,77
cv/index.html,21,html,4a3f9fd9,elyse,2026-04-09,12:53:20,-07:00,2026-04-09T12:53:20-07:00,8,364
cv/index.html,22,html,4a3f9fd9,elyse,2026-04-09,12:53:20,-07:00,2026-04-09T12:53:20-07:00,8,70
cv/index.html,23,html,4a3f9fd9,elyse,2026-04-09,12:53:20,-07:00,2026-04-09T12:53:20-07:00,6,4
cv/index.html,24,html,4a3f9fd9,elyse,2026-04-09,12:53:20,-07:00,2026-04-09T12:53:20-07:00,4,7
cv/index.html,25,html,4a3f9fd9,elyse,2026-04-09,12:53:20,-07:00,2026-04-09T12:53:20-07:00,4,26
cv/index.html,26,html,4a3f9fd9,elyse,2026-04-09,12:53:20,-07:00,2026-04-09T12:53:20-07:00,6,18
cv/index.html,27,html,4a3f9fd9,elyse,2026-04-09,12:53:20,-07:00,2026-04-09T12:53:20-07:00,6,2
cv/index.html,28,html,4a3f9fd9,elyse,2026-04-09,12:53:20,-07:00,2026-04-09T12:53:20-07:00,6,7
cv/index.html,29,html,4a3f9fd9,elyse,2026-04-09,12:53:20,-07:00,2026-04-09T12:53:20-07:00,8,6
cv/index.html,30,html,4a3f9fd9,elyse,2026-04-09,12:53:20,-07:00,2026-04-09T12:53:20-07:00,10,84
cv/index.html,31,html,4a3f9fd9,elyse,2026-04-09,12:53:20,-07:00,2026-04-09T12:53:20-07:00,10,43
cv/index.html,32,html,4a3f9fd9,elyse,2026-04-09,12:53:20,-07:00,2026-04-09T12:53:20-07:00,10,55
cv/index.html,33,html,4a3f9fd9,elyse,2026-04-09,12:53:20,-07:00,2026-04-09T12:53:20-07:00,10,33
cv/index.html,34,html,4a3f9fd9,elyse,2026-04-09,12:53:20,-07:00,2026-04-09T12:53:20-07:00,10,105
cv/index.html,35,html,4a3f9fd9,elyse,2026-04-09,12:53:20,-07:00,2026-04-09T12:53:20-07:00,8,7
cv/index.html,36,html,4a3f9fd9,elyse,2026-04-09,12:53:20,-07:00,2026-04-09T12:53:20-07:00,8,2
cv/index.html,37,html,4a3f9fd9,elyse,2026-04-09,12:53:20,-07:00,2026-04-09T12:53:20-07:00,10,26
cv/index.html,38,html,4a3f9fd9,elyse,2026-04-09,12:53:20,-07:00,2026-04-09T12:53:20-07:00,8,3
cv/index.html,39,html,4a3f9fd9,elyse,2026-04-09,12:53:20,-07:00,2026-04-09T12:53:20-07:00,6,8
cv/index.html,40,html,4a3f9fd9,elyse,2026-04-09,12:53:20,-07:00,2026-04-09T12:53:20-07:00,6,7
cv/index.html,41,html,4a3f9fd9,elyse,2026-04-09,12:53:20,-07:00,2026-04-09T12:53:20-07:00,8,6
cv/index.html,42,html,96e5a40a,elyse,2026-04-09,20:54:21,-07:00,2026-04-09T20:54:21-07:00,10,95
cv/index.html,43,html,4a3f9fd9,elyse,2026-04-09,12:53:20,-07:00,2026-04-09T12:53:20-07:00,10,30
cv/index.html,44,html,4a3f9fd9,elyse,2026-04-09,12:53:20,-07:00,2026-04-09T12:53:20-07:00,10,92
cv/index.html,45,html,4a3f9fd9,elyse,2026-04-09,12:53:20,-07:00,2026-04-09T12:53:20-07:00,8,7
cv/index.html,46,html,4a3f9fd9,elyse,2026-04-09,12:53:20,-07:00,2026-04-09T12:53:20-07:00,8,2
cv/index.html,47,html,4a3f9fd9,elyse,2026-04-09,12:53:20,-07:00,2026-04-09T12:53:20-07:00,10,34
cv/index.html,48,html,4a3f9fd9,elyse,2026-04-09,12:53:20,-07:00,2026-04-09T12:53:20-07:00,10,44
cv/index.html,49,html,4a3f9fd9,elyse,2026-04-09,12:53:20,-07:00,2026-04-09T12:53:20-07:00,8,3
cv/index.html,50,html,4a3f9fd9,elyse,2026-04-09,12:53:20,-07:00,2026-04-09T12:53:20-07:00,6,8
cv/index.html,51,html,4a3f9fd9,elyse,2026-04-09,12:53:20,-07:00,2026-04-09T12:53:20-07:00,4,8
cv/index.html,52,html,4a3f9fd9,elyse,2026-04-09,12:53:20,-07:00,2026-04-09T12:53:20-07:00,0,0
cv/index.html,53,html,4a3f9fd9,elyse,2026-04-09,12:53:20,-07:00,2026-04-09T12:53:20-07:00,4,26
cv/index.html,54,html,4a3f9fd9,elyse,2026-04-09,12:53:20,-07:00,2026-04-09T12:53:20-07:00,6,24
cv/index.html,55,html,4a3f9fd9,elyse,2026-04-09,12:53:20,-07:00,2026-04-09T12:53:20-07:00,6,2
cv/index.html,56,html,4a3f9fd9,elyse,2026-04-09,12:53:20,-07:00,2026-04-09T12:53:20-07:00,6,7
cv/index.html,57,html,4a3f9fd9,elyse,2026-04-09,12:53:20,-07:00,2026-04-09T12:53:20-07:00,8,6
cv/index.html,58,html,4a3f9fd9,elyse,2026-04-09,12:53:20,-07:00,2026-04-09T12:53:20-07:00,10,20
cv/index.html,59,html,4a3f9fd9,elyse,2026-04-09,12:53:20,-07:00,2026-04-09T12:53:20-07:00,10,31
cv/index.html,60,html,4a3f9fd9,elyse,2026-04-09,12:53:20,-07:00,2026-04-09T12:53:20-07:00,10,97
cv/index.html,61,html,4a3f9fd9,elyse,2026-04-09,12:53:20,-07:00,2026-04-09T12:53:20-07:00,8,7
cv/index.html,62,html,4a3f9fd9,elyse,2026-04-09,12:53:20,-07:00,2026-04-09T12:53:20-07:00,8,2
cv/index.html,63,html,4a3f9fd9,elyse,2026-04-09,12:53:20,-07:00,2026-04-09T12:53:20-07:00,10,130
cv/index.html,64,html,4a3f9fd9,elyse,2026-04-09,12:53:20,-07:00,2026-04-09T12:53:20-07:00,10,109
cv/index.html,65,html,4a3f9fd9,elyse,2026-04-09,12:53:20,-07:00,2026-04-09T12:53:20-07:00,10,113
cv/index.html,66,html,4a3f9fd9,elyse,2026-04-09,12:53:20,-07:00,2026-04-09T12:53:20-07:00,8,3
cv/index.html,67,html,4a3f9fd9,elyse,2026-04-09,12:53:20,-07:00,2026-04-09T12:53:20-07:00,6,8
cv/index.html,68,html,4a3f9fd9,elyse,2026-04-09,12:53:20,-07:00,2026-04-09T12:53:20-07:00,6,7
cv/index.html,69,html,4a3f9fd9,elyse,2026-04-09,12:53:20,-07:00,2026-04-09T12:53:20-07:00,8,6
cv/index.html,70,html,4a3f9fd9,elyse,2026-04-09,12:53:20,-07:00,2026-04-09T12:53:20-07:00,10,46
cv/index.html,71,html,4a3f9fd9,elyse,2026-04-09,12:53:20,-07:00,2026-04-09T12:53:20-07:00,10,23
cv/index.html,72,html,4a3f9fd9,elyse,2026-04-09,12:53:20,-07:00,2026-04-09T12:53:20-07:00,10,58
cv/index.html,73,html,4a3f9fd9,elyse,2026-04-09,12:53:20,-07:00,2026-04-09T12:53:20-07:00,8,7
cv/index.html,74,html,4a3f9fd9,elyse,2026-04-09,12:53:20,-07:00,2026-04-09T12:53:20-07:00,8,2
cv/index.html,75,html,4a3f9fd9,elyse,2026-04-09,12:53:20,-07:00,2026-04-09T12:53:20-07:00,10,120
cv/index.html,76,html,4a3f9fd9,elyse,2026-04-09,12:53:20,-07:00,2026-04-09T12:53:20-07:00,10,105
cv/index.html,77,html,4a3f9fd9,elyse,2026-04-09,12:53:20,-07:00,2026-04-09T12:53:20-07:00,8,3
cv/index.html,78,html,4a3f9fd9,elyse,2026-04-09,12:53:20,-07:00,2026-04-09T12:53:20-07:00,6,8
cv/index.html,79,html,4a3f9fd9,elyse,2026-04-09,12:53:20,-07:00,2026-04-09T12:53:20-07:00,6,7
cv/index.html,80,html,4a3f9fd9,elyse,2026-04-09,12:53:20,-07:00,2026-04-09T12:53:20-07:00,8,6
cv/index.html,81,html,4a3f9fd9,elyse,2026-04-09,12:53:20,-07:00,2026-04-09T12:53:20-07:00,10,19
cv/index.html,82,html,4a3f9fd9,elyse,2026-04-09,12:53:20,-07:00,2026-04-09T12:53:20-07:00,10,28
cv/index.html,83,html,4a3f9fd9,elyse,2026-04-09,12:53:20,-07:00,2026-04-09T12:53:20-07:00,10,92
cv/index.html,84,html,4a3f9fd9,elyse,2026-04-09,12:53:20,-07:00,2026-04-09T12:53:20-07:00,8,7
cv/index.html,85,html,4a3f9fd9,elyse,2026-04-09,12:53:20,-07:00,2026-04-09T12:53:20-07:00,8,2
cv/index.html,86,html,4a3f9fd9,elyse,2026-04-09,12:53:20,-07:00,2026-04-09T12:53:20-07:00,10,125
cv/index.html,87,html,4a3f9fd9,elyse,2026-04-09,12:53:20,-07:00,2026-04-09T12:53:20-07:00,10,111
cv/index.html,88,html,4a3f9fd9,elyse,2026-04-09,12:53:20,-07:00,2026-04-09T12:53:20-07:00,10,120
cv/index.html,89,html,4a3f9fd9,elyse,2026-04-09,12:53:20,-07:00,2026-04-09T12:53:20-07:00,8,3
cv/index.html,90,html,4a3f9fd9,elyse,2026-04-09,12:53:20,-07:00,2026-04-09T12:53:20-07:00,6,8
cv/index.html,91,html,4a3f9fd9,elyse,2026-04-09,12:53:20,-07:00,2026-04-09T12:53:20-07:00,6,7
cv/index.html,92,html,4a3f9fd9,elyse,2026-04-09,12:53:20,-07:00,2026-04-09T12:53:20-07:00,8,6
cv/index.html,93,html,4a3f9fd9,elyse,2026-04-09,12:53:20,-07:00,2026-04-09T12:53:20-07:00,10,19
cv/index.html,94,html,4a3f9fd9,elyse,2026-04-09,12:53:20,-07:00,2026-04-09T12:53:20-07:00,10,20
cv/index.html,95,html,4a3f9fd9,elyse,2026-04-09,12:53:20,-07:00,2026-04-09T12:53:20-07:00,10,57
cv/index.html,96,html,4a3f9fd9,elyse,2026-04-09,12:53:20,-07:00,2026-04-09T12:53:20-07:00,8,7
cv/index.html,97,html,4a3f9fd9,elyse,2026-04-09,12:53:20,-07:00,2026-04-09T12:53:20-07:00,8,2
cv/index.html,98,html,4a3f9fd9,elyse,2026-04-09,12:53:20,-07:00,2026-04-09T12:53:20-07:00,10,110
cv/index.html,99,html,4a3f9fd9,elyse,2026-04-09,12:53:20,-07:00,2026-04-09T12:53:20-07:00,10,104
cv/index.html,100,html,4a3f9fd9,elyse,2026-04-09,12:53:20,-07:00,2026-04-09T12:53:20-07:00,8,3
cv/index.html,101,html,4a3f9fd9,elyse,2026-04-09,12:53:20,-07:00,2026-04-09T12:53:20-07:00,6,8
cv/index.html,102,html,4a3f9fd9,elyse,2026-04-09,12:53:20,-07:00,2026-04-09T12:53:20-07:00,4,8
cv/index.html,103,html,4a3f9fd9,elyse,2026-04-09,12:53:20,-07:00,2026-04-09T12:53:20-07:00,4,26
cv/index.html,104,html,4a3f9fd9,elyse,2026-04-09,12:53:20,-07:00,2026-04-09T12:53:20-07:00,6,19
cv/index.html,105,html,4a3f9fd9,elyse,2026-04-09,12:53:20,-07:00,2026-04-09T12:53:20-07:00,6,2
cv/index.html,106,html,4a3f9fd9,elyse,2026-04-09,12:53:20,-07:00,2026-04-09T12:53:20-07:00,6,7
cv/index.html,107,html,4a3f9fd9,elyse,2026-04-09,12:53:20,-07:00,2026-04-09T12:53:20-07:00,8,6
cv/index.html,108,html,4a3f9fd9,elyse,2026-04-09,12:53:20,-07:00,2026-04-09T12:53:20-07:00,10,73
cv/index.html,109,html,4a3f9fd9,elyse,2026-04-09,12:53:20,-07:00,2026-04-09T12:53:20-07:00,10,44
cv/index.html,110,html,4a3f9fd9,elyse,2026-04-09,12:53:20,-07:00,2026-04-09T12:53:20-07:00,10,61
cv/index.html,111,html,4a3f9fd9,elyse,2026-04-09,12:53:20,-07:00,2026-04-09T12:53:20-07:00,8,7
cv/index.html,112,html,4a3f9fd9,elyse,2026-04-09,12:53:20,-07:00,2026-04-09T12:53:20-07:00,8,2
cv/index.html,113,html,4a3f9fd9,elyse,2026-04-09,12:53:20,-07:00,2026-04-09T12:53:20-07:00,10,126
cv/index.html,114,html,4a3f9fd9,elyse,2026-04-09,12:53:20,-07:00,2026-04-09T12:53:20-07:00,10,122
cv/index.html,115,html,4a3f9fd9,elyse,2026-04-09,12:53:20,-07:00,2026-04-09T12:53:20-07:00,8,3
cv/index.html,116,html,4a3f9fd9,elyse,2026-04-09,12:53:20,-07:00,2026-04-09T12:53:20-07:00,6,8
cv/index.html,117,html,4a3f9fd9,elyse,2026-04-09,12:53:20,-07:00,2026-04-09T12:53:20-07:00,6,7
cv/index.html,118,html,4a3f9fd9,elyse,2026-04-09,12:53:20,-07:00,2026-04-09T12:53:20-07:00,8,6
cv/index.html,119,html,4a3f9fd9,elyse,2026-04-09,12:53:20,-07:00,2026-04-09T12:53:20-07:00,10,35
cv/index.html,120,html,4a3f9fd9,elyse,2026-04-09,12:53:20,-07:00,2026-04-09T12:53:20-07:00,10,27
cv/index.html,121,html,4a3f9fd9,elyse,2026-04-09,12:53:20,-07:00,2026-04-09T12:53:20-07:00,10,57
cv/index.html,122,html,4a3f9fd9,elyse,2026-04-09,12:53:20,-07:00,2026-04-09T12:53:20-07:00,8,7
cv/index.html,123,html,4a3f9fd9,elyse,2026-04-09,12:53:20,-07:00,2026-04-09T12:53:20-07:00,8,2
cv/index.html,124,html,4a3f9fd9,elyse,2026-04-09,12:53:20,-07:00,2026-04-09T12:53:20-07:00,10,109
cv/index.html,125,html,4a3f9fd9,elyse,2026-04-09,12:53:20,-07:00,2026-04-09T12:53:20-07:00,10,95
cv/index.html,126,html,4a3f9fd9,elyse,2026-04-09,12:53:20,-07:00,2026-04-09T12:53:20-07:00,10,111
cv/index.html,127,html,4a3f9fd9,elyse,2026-04-09,12:53:20,-07:00,2026-04-09T12:53:20-07:00,8,3
cv/index.html,128,html,4a3f9fd9,elyse,2026-04-09,12:53:20,-07:00,2026-04-09T12:53:20-07:00,6,8
cv/index.html,129,html,4a3f9fd9,elyse,2026-04-09,12:53:20,-07:00,2026-04-09T12:53:20-07:00,4,8
cv/index.html,130,html,4a3f9fd9,elyse,2026-04-09,12:53:20,-07:00,2026-04-09T12:53:20-07:00,4,26
cv/index.html,131,html,4a3f9fd9,elyse,2026-04-09,12:53:20,-07:00,2026-04-09T12:53:20-07:00,6,19
cv/index.html,132,html,4a3f9fd9,elyse,2026-04-09,12:53:20,-07:00,2026-04-09T12:53:20-07:00,6,2
cv/index.html,133,html,4a3f9fd9,elyse,2026-04-09,12:53:20,-07:00,2026-04-09T12:53:20-07:00,6,108
cv/index.html,134,html,4a3f9fd9,elyse,2026-04-09,12:53:20,-07:00,2026-04-09T12:53:20-07:00,6,106
cv/index.html,135,html,4a3f9fd9,elyse,2026-04-09,12:53:20,-07:00,2026-04-09T12:53:20-07:00,6,75
cv/index.html,136,html,4a3f9fd9,elyse,2026-04-09,12:53:20,-07:00,2026-04-09T12:53:20-07:00,6,84
cv/index.html,137,html,4a3f9fd9,elyse,2026-04-09,12:53:20,-07:00,2026-04-09T12:53:20-07:00,4,8
cv/index.html,138,html,4a3f9fd9,elyse,2026-04-09,12:53:20,-07:00,2026-04-09T12:53:20-07:00,2,5
cv/index.html,139,html,0bac7d1,elyse,2026-04-08,00:36:29,-07:00,2026-04-08T00:36:29-07:00,0,5
cv/index.html,140,html,4a3f9fd9,elyse,2026-04-09,12:53:20,-07:00,2026-04-09T12:53:20-07:00,0,5
cv/cv.css,1,css,4a3f9fd9,elyse,2026-04-09,12:53:20,-07:00,2026-04-09T12:53:20-07:00,0,12
cv/cv.css,2,css,4a3f9fd9,elyse,2026-04-09,12:53:20,-07:00,2026-04-09T12:53:20-07:00,1,31
cv/cv.css,3,css,4a3f9fd9,elyse,2026-04-09,12:53:20,-07:00,2026-04-09T12:53:20-07:00,1,16
cv/cv.css,4,css,4a3f9fd9,elyse,2026-04-09,12:53:20,-07:00,2026-04-09T12:53:20-07:00,1,43
cv/cv.css,5,css,4a3f9fd9,elyse,2026-04-09,12:53:20,-07:00,2026-04-09T12:53:20-07:00,1,16
cv/cv.css,6,css,8639e10f,elyse,2026-04-09,13:28:00,-07:00,2026-04-09T13:28:00-07:00,1,15
cv/cv.css,7,css,4a3f9fd9,elyse,2026-04-09,12:53:20,-07:00,2026-04-09T12:53:20-07:00,1,19
cv/cv.css,8,css,4a3f9fd9,elyse,2026-04-09,12:53:20,-07:00,2026-04-09T12:53:20-07:00,0,0
cv/cv.css,9,css,4a3f9fd9,elyse,2026-04-09,12:53:20,-07:00,2026-04-09T12:53:20-07:00,0,0
cv/cv.css,10,css,4a3f9fd9,elyse,2026-04-09,12:53:20,-07:00,2026-04-09T12:53:20-07:00,0,13
cv/cv.css,11,css,4a3f9fd9,elyse,2026-04-09,12:53:20,-07:00,2026-04-09T12:53:20-07:00,1,12
cv/cv.css,12,css,4a3f9fd9,elyse,2026-04-09,12:53:20,-07:00,2026-04-09T12:53:20-07:00,1,21
cv/cv.css,13,css,4a3f9fd9,elyse,2026-04-09,12:53:20,-07:00,2026-04-09T12:53:20-07:00,1,11
cv/cv.css,14,css,4a3f9fd9,elyse,2026-04-09,12:53:20,-07:00,2026-04-09T12:53:20-07:00,0,0
cv/cv.css,15,css,4a3f9fd9,elyse,2026-04-09,12:53:20,-07:00,2026-04-09T12:53:20-07:00,0,0
cv/cv.css,16,css,4a3f9fd9,elyse,2026-04-09,12:53:20,-07:00,2026-04-09T12:53:20-07:00,0,8
cv/cv.css,17,css,4a3f9fd9,elyse,2026-04-09,12:53:20,-07:00,2026-04-09T12:53:20-07:00,1,12
cv/cv.css,18,css,4a3f9fd9,elyse,2026-04-09,12:53:20,-07:00,2026-04-09T12:53:20-07:00,1,19
cv/cv.css,19,css,4a3f9fd9,elyse,2026-04-09,12:53:20,-07:00,2026-04-09T12:53:20-07:00,1,17
cv/cv.css,20,css,4a3f9fd9,elyse,2026-04-09,12:53:20,-07:00,2026-04-09T12:53:20-07:00,1,22
cv/cv.css,21,css,4a3f9fd9,elyse,2026-04-09,12:53:20,-07:00,2026-04-09T12:53:20-07:00,1,28
cv/cv.css,22,css,4a3f9fd9,elyse,2026-04-09,12:53:20,-07:00,2026-04-09T12:53:20-07:00,1,30
cv/cv.css,23,css,4a3f9fd9,elyse,2026-04-09,12:53:20,-07:00,2026-04-09T12:53:20-07:00,1,27
cv/cv.css,24,css,4a3f9fd9,elyse,2026-04-09,12:53:20,-07:00,2026-04-09T12:53:20-07:00,1,36
cv/cv.css,25,css,4a3f9fd9,elyse,2026-04-09,12:53:20,-07:00,2026-04-09T12:53:20-07:00,1,17
cv/cv.css,26,css,4a3f9fd9,elyse,2026-04-09,12:53:20,-07:00,2026-04-09T12:53:20-07:00,1,15
cv/cv.css,27,css,4a3f9fd9,elyse,2026-04-09,12:53:20,-07:00,2026-04-09T12:53:20-07:00,0,0
cv/cv.css,28,css,4a3f9fd9,elyse,2026-04-09,12:53:20,-07:00,2026-04-09T12:53:20-07:00,0,0
cv/cv.css,29,css,4a3f9fd9,elyse,2026-04-09,12:53:20,-07:00,2026-04-09T12:53:20-07:00,0,16
cv/cv.css,30,css,4a3f9fd9,elyse,2026-04-09,12:53:20,-07:00,2026-04-09T12:53:20-07:00,1,10
cv/cv.css,31,css,4a3f9fd9,elyse,2026-04-09,12:53:20,-07:00,2026-04-09T12:53:20-07:00,1,17
cv/cv.css,32,css,4a3f9fd9,elyse,2026-04-09,12:53:20,-07:00,2026-04-09T12:53:20-07:00,1,5
cv/cv.css,33,css,4a3f9fd9,elyse,2026-04-09,12:53:20,-07:00,2026-04-09T12:53:20-07:00,1,6
cv/cv.css,34,css,4a3f9fd9,elyse,2026-04-09,12:53:20,-07:00,2026-04-09T12:53:20-07:00,1,7
cv/cv.css,35,css,4a3f9fd9,elyse,2026-04-09,12:53:20,-07:00,2026-04-09T12:53:20-07:00,1,10
cv/cv.css,36,css,8639e10f,elyse,2026-04-09,13:28:00,-07:00,2026-04-09T13:28:00-07:00,1,27
cv/cv.css,37,css,4a3f9fd9,elyse,2026-04-09,12:53:20,-07:00,2026-04-09T12:53:20-07:00,1,51
cv/cv.css,38,css,4a3f9fd9,elyse,2026-04-09,12:53:20,-07:00,2026-04-09T12:53:20-07:00,0,0
cv/cv.css,39,css,4a3f9fd9,elyse,2026-04-09,12:53:20,-07:00,2026-04-09T12:53:20-07:00,0,0
cv/cv.css,40,css,4a3f9fd9,elyse,2026-04-09,12:53:20,-07:00,2026-04-09T12:53:20-07:00,0,25
cv/cv.css,41,css,4a3f9fd9,elyse,2026-04-09,12:53:20,-07:00,2026-04-09T12:53:20-07:00,1,8
cv/cv.css,42,css,4a3f9fd9,elyse,2026-04-09,12:53:20,-07:00,2026-04-09T12:53:20-07:00,2,41
cv/cv.css,43,css,4a3f9fd9,elyse,2026-04-09,12:53:20,-07:00,2026-04-09T12:53:20-07:00,2,32
cv/cv.css,44,css,4a3f9fd9,elyse,2026-04-09,12:53:20,-07:00,2026-04-09T12:53:20-07:00,2,17
cv/cv.css,45,css,4a3f9fd9,elyse,2026-04-09,12:53:20,-07:00,2026-04-09T12:53:20-07:00,1,0
cv/cv.css,46,css,4a3f9fd9,elyse,2026-04-09,12:53:20,-07:00,2026-04-09T12:53:20-07:00,0,0
cv/cv.css,47,css,4a3f9fd9,elyse,2026-04-09,12:53:20,-07:00,2026-04-09T12:53:20-07:00,1,11
cv/cv.css,48,css,4a3f9fd9,elyse,2026-04-09,12:53:20,-07:00,2026-04-09T12:53:20-07:00,2,13
cv/cv.css,49,css,4a3f9fd9,elyse,2026-04-09,12:53:20,-07:00,2026-04-09T12:53:20-07:00,2,10
cv/cv.css,50,css,4a3f9fd9,elyse,2026-04-09,12:53:20,-07:00,2026-04-09T12:53:20-07:00,2,8
cv/cv.css,51,css,4a3f9fd9,elyse,2026-04-09,12:53:20,-07:00,2026-04-09T12:53:20-07:00,1,0
cv/cv.css,52,css,4a3f9fd9,elyse,2026-04-09,12:53:20,-07:00,2026-04-09T12:53:20-07:00,0,0
cv/cv.css,53,css,4a3f9fd9,elyse,2026-04-09,12:53:20,-07:00,2026-04-09T12:53:20-07:00,1,11
cv/cv.css,54,css,4a3f9fd9,elyse,2026-04-09,12:53:20,-07:00,2026-04-09T12:53:20-07:00,2,13
cv/cv.css,55,css,4a3f9fd9,elyse,2026-04-09,12:53:20,-07:00,2026-04-09T12:53:20-07:00,2,10
cv/cv.css,56,css,4a3f9fd9,elyse,2026-04-09,12:53:20,-07:00,2026-04-09T12:53:20-07:00,2,18
cv/cv.css,57,css,4a3f9fd9,elyse,2026-04-09,12:53:20,-07:00,2026-04-09T12:53:20-07:00,2,17
cv/cv.css,58,css,4a3f9fd9,elyse,2026-04-09,12:53:20,-07:00,2026-04-09T12:53:20-07:00,2,15
cv/cv.css,59,css,4a3f9fd9,elyse,2026-04-09,12:53:20,-07:00,2026-04-09T12:53:20-07:00,1,0
cv/cv.css,60,css,4a3f9fd9,elyse,2026-04-09,12:53:20,-07:00,2026-04-09T12:53:20-07:00,0,0
cv/cv.css,61,css,4a3f9fd9,elyse,2026-04-09,12:53:20,-07:00,2026-04-09T12:53:20-07:00,1,18
cv/cv.css,62,css,4a3f9fd9,elyse,2026-04-09,12:53:20,-07:00,2026-04-09T12:53:20-07:00,2,13
cv/cv.css,63,css,4a3f9fd9,elyse,2026-04-09,12:53:20,-07:00,2026-04-09T12:53:20-07:00,2,19
cv/cv.css,64,css,4a3f9fd9,elyse,2026-04-09,12:53:20,-07:00,2026-04-09T12:53:20-07:00,2,8
cv/cv.css,65,css,4a3f9fd9,elyse,2026-04-09,12:53:20,-07:00,2026-04-09T12:53:20-07:00,1,0
cv/cv.css,66,css,4a3f9fd9,elyse,2026-04-09,12:53:20,-07:00,2026-04-09T12:53:20-07:00,0,0
cv/cv.css,67,css,4a3f9fd9,elyse,2026-04-09,12:53:20,-07:00,2026-04-09T12:53:20-07:00,1,17
cv/cv.css,68,css,4a3f9fd9,elyse,2026-04-09,12:53:20,-07:00,2026-04-09T12:53:20-07:00,2,13
cv/cv.css,69,css,4a3f9fd9,elyse,2026-04-09,12:53:20,-07:00,2026-04-09T12:53:20-07:00,2,10
cv/cv.css,70,css,4a3f9fd9,elyse,2026-04-09,12:53:20,-07:00,2026-04-09T12:53:20-07:00,2,18
cv/cv.css,71,css,4a3f9fd9,elyse,2026-04-09,12:53:20,-07:00,2026-04-09T12:53:20-07:00,1,0
cv/cv.css,72,css,4a3f9fd9,elyse,2026-04-09,12:53:20,-07:00,2026-04-09T12:53:20-07:00,0,0
cv/cv.css,73,css,4a3f9fd9,elyse,2026-04-09,12:53:20,-07:00,2026-04-09T12:53:20-07:00,0,0
cv/cv.css,74,css,4a3f9fd9,elyse,2026-04-09,12:53:20,-07:00,2026-04-09T12:53:20-07:00,0,11
cv/cv.css,75,css,8639e10f,elyse,2026-04-09,13:28:00,-07:00,2026-04-09T13:28:00-07:00,1,14
cv/cv.css,76,css,4a3f9fd9,elyse,2026-04-09,12:53:20,-07:00,2026-04-09T12:53:20-07:00,1,8
cv/cv.css,77,css,4a3f9fd9,elyse,2026-04-09,12:53:20,-07:00,2026-04-09T12:53:20-07:00,1,22
cv/cv.css,78,css,4a3f9fd9,elyse,2026-04-09,12:53:20,-07:00,2026-04-09T12:53:20-07:00,0,0
cv/cv.css,79,css,4a3f9fd9,elyse,2026-04-09,12:53:20,-07:00,2026-04-09T12:53:20-07:00,0,0
cv/cv.css,80,css,4a3f9fd9,elyse,2026-04-09,12:53:20,-07:00,2026-04-09T12:53:20-07:00,0,11
cv/cv.css,81,css,4a3f9fd9,elyse,2026-04-09,12:53:20,-07:00,2026-04-09T12:53:20-07:00,1,16
cv/cv.css,82,css,4a3f9fd9,elyse,2026-04-09,12:53:20,-07:00,2026-04-09T12:53:20-07:00,1,15
cv/cv.css,83,css,4a3f9fd9,elyse,2026-04-09,12:53:20,-07:00,2026-04-09T12:53:20-07:00,1,18
cv/cv.css,84,css,4a3f9fd9,elyse,2026-04-09,12:53:20,-07:00,2026-04-09T12:53:20-07:00,0,0
cv/cv.css,85,css,4a3f9fd9,elyse,2026-04-09,12:53:20,-07:00,2026-04-09T12:53:20-07:00,0,0
cv/cv.css,86,css,4a3f9fd9,elyse,2026-04-09,12:53:20,-07:00,2026-04-09T12:53:20-07:00,0,9
cv/cv.css,87,css,4a3f9fd9,elyse,2026-04-09,12:53:20,-07:00,2026-04-09T12:53:20-07:00,1,8
cv/cv.css,88,css,4a3f9fd9,elyse,2026-04-09,12:53:20,-07:00,2026-04-09T12:53:20-07:00,1,19
cv/cv.css,89,css,4a3f9fd9,elyse,2026-04-09,12:53:20,-07:00,2026-04-09T12:53:20-07:00,0,0
cv/cv.css,90,css,4a3f9fd9,elyse,2026-04-09,12:53:20,-07:00,2026-04-09T12:53:20-07:00,0,0
cv/cv.css,91,css,4a3f9fd9,elyse,2026-04-09,12:53:20,-07:00,2026-04-09T12:53:20-07:00,0,13
cv/cv.css,92,css,4a3f9fd9,elyse,2026-04-09,12:53:20,-07:00,2026-04-09T12:53:20-07:00,1,13
cv/cv.css,93,css,4a3f9fd9,elyse,2026-04-09,12:53:20,-07:00,2026-04-09T12:53:20-07:00,1,22
cv/cv.css,94,css,4a3f9fd9,elyse,2026-04-09,12:53:20,-07:00,2026-04-09T12:53:20-07:00,1,11
cv/cv.css,95,css,4a3f9fd9,elyse,2026-04-09,12:53:20,-07:00,2026-04-09T12:53:20-07:00,1,17
cv/cv.css,96,css,4a3f9fd9,elyse,2026-04-09,12:53:20,-07:00,2026-04-09T12:53:20-07:00,1,16
cv/cv.css,97,css,4a3f9fd9,elyse,2026-04-09,12:53:20,-07:00,2026-04-09T12:53:20-07:00,1,14
cv/cv.css,98,css,8639e10f,elyse,2026-04-09,13:28:00,-07:00,2026-04-09T13:28:00-07:00,1,36
cv/cv.css,99,css,4a3f9fd9,elyse,2026-04-09,12:53:20,-07:00,2026-04-09T12:53:20-07:00,0,0
cv/cv.css,100,css,4a3f9fd9,elyse,2026-04-09,12:53:20,-07:00,2026-04-09T12:53:20-07:00,0,0
cv/cv.css,101,css,4a3f9fd9,elyse,2026-04-09,12:53:20,-07:00,2026-04-09T12:53:20-07:00,0,8
cv/cv.css,102,css,4a3f9fd9,elyse,2026-04-09,12:53:20,-07:00,2026-04-09T12:53:20-07:00,1,12
cv/cv.css,103,css,4a3f9fd9,elyse,2026-04-09,12:53:20,-07:00,2026-04-09T12:53:20-07:00,1,21
cv/cv.css,104,css,4a3f9fd9,elyse,2026-04-09,12:53:20,-07:00,2026-04-09T12:53:20-07:00,1,11
cv/cv.css,105,css,4a3f9fd9,elyse,2026-04-09,12:53:20,-07:00,2026-04-09T12:53:20-07:00,0,0
cv/cv.css,106,css,4a3f9fd9,elyse,2026-04-09,12:53:20,-07:00,2026-04-09T12:53:20-07:00,0,0
cv/cv.css,107,css,4a3f9fd9,elyse,2026-04-09,12:53:20,-07:00,2026-04-09T12:53:20-07:00,0,10
cv/cv.css,108,css,4a3f9fd9,elyse,2026-04-09,12:53:20,-07:00,2026-04-09T12:53:20-07:00,1,8
cv/cv.css,109,css,4a3f9fd9,elyse,2026-04-09,12:53:20,-07:00,2026-04-09T12:53:20-07:00,1,14
cv/cv.css,110,css,ebc840d0,elyse,2026-04-17,19:49:52,-07:00,2026-04-17T19:49:52-07:00,1,16
cv/cv.css,111,css,4a3f9fd9,elyse,2026-04-09,12:53:20,-07:00,2026-04-09T12:53:20-07:00,0,0
cv/cv.css,112,css,4a3f9fd9,elyse,2026-04-09,12:53:20,-07:00,2026-04-09T12:53:20-07:00,0,0
cv/cv.css,113,css,4a3f9fd9,elyse,2026-04-09,12:53:20,-07:00,2026-04-09T12:53:20-07:00,0,24
cv/cv.css,114,css,4a3f9fd9,elyse,2026-04-09,12:53:20,-07:00,2026-04-09T12:53:20-07:00,1,17
cv/cv.css,115,css,4a3f9fd9,elyse,2026-04-09,12:53:20,-07:00,2026-04-09T12:53:20-07:00,0,0
cv/cv.css,116,css,4a3f9fd9,elyse,2026-04-09,12:53:20,-07:00,2026-04-09T12:53:20-07:00,0,0
cv/cv.css,117,css,4a3f9fd9,elyse,2026-04-09,12:53:20,-07:00,2026-04-09T12:53:20-07:00,0,11
cv/cv.css,118,css,4a3f9fd9,elyse,2026-04-09,12:53:20,-07:00,2026-04-09T12:53:20-07:00,1,28
cv/cv.css,119,css,4a3f9fd9,elyse,2026-04-09,12:53:20,-07:00,2026-04-09T12:53:20-07:00,1,30
cv/cv.css,120,css,4a3f9fd9,elyse,2026-04-09,12:53:20,-07:00,2026-04-09T12:53:20-07:00,1,30
cv/cv.css,121,css,4a3f9fd9,elyse,2026-04-09,12:53:20,-07:00,2026-04-09T12:53:20-07:00,1,36
cv/cv.css,122,css,4a3f9fd9,elyse,2026-04-09,12:53:20,-07:00,2026-04-09T12:53:20-07:00,1,42
cv/cv.css,123,css,4a3f9fd9,elyse,2026-04-09,12:53:20,-07:00,2026-04-09T12:53:20-07:00,0,0
cv/cv.css,124,css,4a3f9fd9,elyse,2026-04-09,12:53:20,-07:00,2026-04-09T12:53:20-07:00,0,0
cv/cv.css,125,css,4a3f9fd9,elyse,2026-04-09,12:53:20,-07:00,2026-04-09T12:53:20-07:00,0,16
cv/cv.css,126,css,4a3f9fd9,elyse,2026-04-09,12:53:20,-07:00,2026-04-09T12:53:20-07:00,1,15
cv/cv.css,127,css,4a3f9fd9,elyse,2026-04-09,12:53:20,-07:00,2026-04-09T12:53:20-07:00,1,17
cv/cv.css,128,css,4a3f9fd9,elyse,2026-04-09,12:53:20,-07:00,2026-04-09T12:53:20-07:00,1,24
cv/cv.css,129,css,4a3f9fd9,elyse,2026-04-09,12:53:20,-07:00,2026-04-09T12:53:20-07:00,1,21
cv/cv.css,130,css,ebc840d0,elyse,2026-04-17,19:49:52,-07:00,2026-04-17T19:49:52-07:00,1,16
cv/cv.css,131,css,4a3f9fd9,elyse,2026-04-09,12:53:20,-07:00,2026-04-09T12:53:20-07:00,1,12
cv/cv.css,132,css,4a3f9fd9,elyse,2026-04-09,12:53:20,-07:00,2026-04-09T12:53:20-07:00,1,18
cv/cv.css,133,css,4a3f9fd9,elyse,2026-04-09,12:53:20,-07:00,2026-04-09T12:53:20-07:00,1,11
cv/cv.css,134,css,4a3f9fd9,elyse,2026-04-09,12:53:20,-07:00,2026-04-09T12:53:20-07:00,0,0
cv/cv.css,135,css,4a3f9fd9,elyse,2026-04-09,12:53:20,-07:00,2026-04-09T12:53:20-07:00,0,0
cv/cv.css,136,css,4a3f9fd9,elyse,2026-04-09,12:53:20,-07:00,2026-04-09T12:53:20-07:00,0,24
cv/cv.css,137,css,4a3f9fd9,elyse,2026-04-09,12:53:20,-07:00,2026-04-09T12:53:20-07:00,1,10
cv/cv.css,138,css,4a3f9fd9,elyse,2026-04-09,12:53:20,-07:00,2026-04-09T12:53:20-07:00,1,9
cv/cv.css,139,css,4a3f9fd9,elyse,2026-04-09,12:53:20,-07:00,2026-04-09T12:53:20-07:00,1,12
cv/cv.css,140,css,8639e10f,elyse,2026-04-09,13:28:00,-07:00,2026-04-09T13:28:00-07:00,1,27
cv/cv.css,141,css,4a3f9fd9,elyse,2026-04-09,12:53:20,-07:00,2026-04-09T12:53:20-07:00,1,17
cv/cv.css,142,css,4a3f9fd9,elyse,2026-04-09,12:53:20,-07:00,2026-04-09T12:53:20-07:00,1,13
cv/cv.css,143,css,4a3f9fd9,elyse,2026-04-09,12:53:20,-07:00,2026-04-09T12:53:20-07:00,0,0
cv/cv.css,144,css,4a3f9fd9,elyse,2026-04-09,12:53:20,-07:00,2026-04-09T12:53:20-07:00,0,0
cv/cv.css,145,css,4a3f9fd9,elyse,2026-04-09,12:53:20,-07:00,2026-04-09T12:53:20-07:00,0,16
cv/cv.css,146,css,4a3f9fd9,elyse,2026-04-09,12:53:20,-07:00,2026-04-09T12:53:20-07:00,1,12
cv/cv.css,147,css,4a3f9fd9,elyse,2026-04-09,12:53:20,-07:00,2026-04-09T12:53:20-07:00,0,0
cv/cv.css,148,css,4a3f9fd9,elyse,2026-04-09,12:53:20,-07:00,2026-04-09T12:53:20-07:00,0,0
cv/cv.css,149,css,4a3f9fd9,elyse,2026-04-09,12:53:20,-07:00,2026-04-09T12:53:20-07:00,0,19
cv/cv.css,150,css,4a3f9fd9,elyse,2026-04-09,12:53:20,-07:00,2026-04-09T12:53:20-07:00,1,22
cv/cv.css,151,css,4a3f9fd9,elyse,2026-04-09,12:53:20,-07:00,2026-04-09T12:53:20-07:00,1,41
cv/cv.css,152,css,4a3f9fd9,elyse,2026-04-09,12:53:20,-07:00,2026-04-09T12:53:20-07:00,1,17
cv/cv.css,153,css,4a3f9fd9,elyse,2026-04-09,12:53:20,-07:00,2026-04-09T12:53:20-07:00,1,19
cv/cv.css,154,css,4a3f9fd9,elyse,2026-04-09,12:53:20,-07:00,2026-04-09T12:53:20-07:00,1,25
cv/cv.css,155,css,4a3f9fd9,elyse,2026-04-09,12:53:20,-07:00,2026-04-09T12:53:20-07:00,0,0
cv/cv.css,156,css,4a3f9fd9,elyse,2026-04-09,12:53:20,-07:00,2026-04-09T12:53:20-07:00,0,0
cv/cv.css,157,css,4a3f9fd9,elyse,2026-04-09,12:53:20,-07:00,2026-04-09T12:53:20-07:00,0,29
cv/cv.css,158,css,4a3f9fd9,elyse,2026-04-09,12:53:20,-07:00,2026-04-09T12:53:20-07:00,1,18
cv/cv.css,159,css,4a3f9fd9,elyse,2026-04-09,12:53:20,-07:00,2026-04-09T12:53:20-07:00,1,41
cv/cv.css,160,css,4a3f9fd9,elyse,2026-04-09,12:53:20,-07:00,2026-04-09T12:53:20-07:00,1,41
cv/cv.css,161,css,4a3f9fd9,elyse,2026-04-09,12:53:20,-07:00,2026-04-09T12:53:20-07:00,1,19
cv/cv.css,162,css,4a3f9fd9,elyse,2026-04-09,12:53:20,-07:00,2026-04-09T12:53:20-07:00,0,0
cv/cv.css,163,css,4a3f9fd9,elyse,2026-04-09,12:53:20,-07:00,2026-04-09T12:53:20-07:00,0,0
cv/cv.css,164,css,4a3f9fd9,elyse,2026-04-09,12:53:20,-07:00,2026-04-09T12:53:20-07:00,0,26
cv/cv.css,165,css,9b33ddd6,elyse,2026-04-24,22:11:06,-07:00,2026-04-24T22:11:06-07:00,1,12
cv/cv.css,166,css,9b33ddd6,elyse,2026-04-24,22:11:06,-07:00,2026-04-24T22:11:06-07:00,1,18
cv/cv.css,167,css,9b33ddd6,elyse,2026-04-24,22:11:06,-07:00,2026-04-24T22:11:06-07:00,1,8
cv/cv.css,168,css,4a3f9fd9,elyse,2026-04-09,12:53:20,-07:00,2026-04-09T12:53:20-07:00,1,20
cv/cv.css,169,css,4a3f9fd9,elyse,2026-04-09,12:53:20,-07:00,2026-04-09T12:53:20-07:00,0,0
cv/cv.css,170,css,4a3f9fd9,elyse,2026-04-09,12:53:20,-07:00,2026-04-09T12:53:20-07:00,0,0
cv/cv.css,171,css,4a3f9fd9,elyse,2026-04-09,12:53:20,-07:00,2026-04-09T12:53:20-07:00,0,29
cv/cv.css,172,css,4a3f9fd9,elyse,2026-04-09,12:53:20,-07:00,2026-04-09T12:53:20-07:00,1,17
cv/cv.css,173,css,4a3f9fd9,elyse,2026-04-09,12:53:20,-07:00,2026-04-09T12:53:20-07:00,1,17
cv/cv.css,174,css,4a3f9fd9,elyse,2026-04-09,12:53:20,-07:00,2026-04-09T12:53:20-07:00,0,0
cv/cv.css,175,css,4a3f9fd9,elyse,2026-04-09,12:53:20,-07:00,2026-04-09T12:53:20-07:00,0,0
cv/cv.css,176,css,4a3f9fd9,elyse,2026-04-09,12:53:20,-07:00,2026-04-09T12:53:20-07:00,0,28
cv/cv.css,177,css,4a3f9fd9,elyse,2026-04-09,12:53:20,-07:00,2026-04-09T12:53:20-07:00,1,16
cv/cv.css,178,css,4a3f9fd9,elyse,2026-04-09,12:53:20,-07:00,2026-04-09T12:53:20-07:00,1,26
cv/cv.css,179,css,4a3f9fd9,elyse,2026-04-09,12:53:20,-07:00,2026-04-09T12:53:20-07:00,1,17
cv/cv.css,180,css,4a3f9fd9,elyse,2026-04-09,12:53:20,-07:00,2026-04-09T12:53:20-07:00,0,0
cv/cv.css,181,css,4a3f9fd9,elyse,2026-04-09,12:53:20,-07:00,2026-04-09T12:53:20-07:00,0,0
cv/cv.css,182,css,4a3f9fd9,elyse,2026-04-09,12:53:20,-07:00,2026-04-09T12:53:20-07:00,0,31
cv/cv.css,183,css,4a3f9fd9,elyse,2026-04-09,12:53:20,-07:00,2026-04-09T12:53:20-07:00,1,33
cv/cv.css,184,css,4a3f9fd9,elyse,2026-04-09,12:53:20,-07:00,2026-04-09T12:53:20-07:00,0,0
cv/cv.css,185,css,4a3f9fd9,elyse,2026-04-09,12:53:20,-07:00,2026-04-09T12:53:20-07:00,0,0
cv/cv.css,186,css,9b33ddd6,elyse,2026-04-24,22:11:06,-07:00,2026-04-24T22:11:06-07:00,0,38
cv/cv.css,187,css,9b33ddd6,elyse,2026-04-24,22:11:06,-07:00,2026-04-24T22:11:06-07:00,1,10
cv/cv.css,188,css,9b33ddd6,elyse,2026-04-24,22:11:06,-07:00,2026-04-24T22:11:06-07:00,1,11
cv/cv.css,189,css,9b33ddd6,elyse,2026-04-24,22:11:06,-07:00,2026-04-24T22:11:06-07:00,1,18
cv/cv.css,190,css,9b33ddd6,elyse,2026-04-24,22:11:06,-07:00,2026-04-24T22:11:06-07:00,1,13
cv/cv.css,191,css,9b33ddd6,elyse,2026-04-24,22:11:06,-07:00,2026-04-24T22:11:06-07:00,1,17
cv/cv.css,192,css,9b33ddd6,elyse,2026-04-24,22:11:06,-07:00,2026-04-24T22:11:06-07:00,1,41
cv/cv.css,193,css,9b33ddd6,elyse,2026-04-24,22:11:06,-07:00,2026-04-24T22:11:06-07:00,1,8
cv/cv.css,194,css,9b33ddd6,elyse,2026-04-24,22:11:06,-07:00,2026-04-24T22:11:06-07:00,0,0
cv/cv.css,195,css,9b33ddd6,elyse,2026-04-24,22:11:06,-07:00,2026-04-24T22:11:06-07:00,0,0
cv/cv.css,196,css,4a3f9fd9,elyse,2026-04-09,12:53:20,-07:00,2026-04-09T12:53:20-07:00,0,22
cv/cv.css,197,css,4a3f9fd9,elyse,2026-04-09,12:53:20,-07:00,2026-04-09T12:53:20-07:00,1,17
cv/cv.css,198,css,5b6effe7,elyse,2026-05-01,16:08:39,-07:00,2026-05-01T16:08:39-07:00,1,14
cv/cv.css,199,css,5b6effe7,elyse,2026-05-01,16:08:39,-07:00,2026-05-01T16:08:39-07:00,1,15
cv/cv.css,200,css,4a3f9fd9,elyse,2026-04-09,12:53:20,-07:00,2026-04-09T12:53:20-07:00,0,0
cv/cv.css,201,css,4a3f9fd9,elyse,2026-04-09,12:53:20,-07:00,2026-04-09T12:53:20-07:00,0,0
cv/cv.css,202,css,4a3f9fd9,elyse,2026-04-09,12:53:20,-07:00,2026-04-09T12:53:20-07:00,0,22
cv/cv.css,203,css,4a3f9fd9,elyse,2026-04-09,12:53:20,-07:00,2026-04-09T12:53:20-07:00,1,21
cv/cv.css,204,css,4a3f9fd9,elyse,2026-04-09,12:53:20,-07:00,2026-04-09T12:53:20-07:00,0,0
cv/cv.css,205,css,4a3f9fd9,elyse,2026-04-09,12:53:20,-07:00,2026-04-09T12:53:20-07:00,0,0
cv/cv.css,206,css,4a3f9fd9,elyse,2026-04-09,12:53:20,-07:00,2026-04-09T12:53:20-07:00,0,26
cv/cv.css,207,css,4a3f9fd9,elyse,2026-04-09,12:53:20,-07:00,2026-04-09T12:53:20-07:00,1,18
cv/cv.css,208,css,4a3f9fd9,elyse,2026-04-09,12:53:20,-07:00,2026-04-09T12:53:20-07:00,1,23
cv/cv.css,209,css,4a3f9fd9,elyse,2026-04-09,12:53:20,-07:00,2026-04-09T12:53:20-07:00,1,17
cv/cv.css,210,css,4a3f9fd9,elyse,2026-04-09,12:53:20,-07:00,2026-04-09T12:53:20-07:00,1,36
cv/cv.css,211,css,4a3f9fd9,elyse,2026-04-09,12:53:20,-07:00,2026-04-09T12:53:20-07:00,1,17
cv/cv.css,212,css,4a3f9fd9,elyse,2026-04-09,12:53:20,-07:00,2026-04-09T12:53:20-07:00,1,16
cv/cv.css,213,css,4a3f9fd9,elyse,2026-04-09,12:53:20,-07:00,2026-04-09T12:53:20-07:00,0,0
cv/cv.css,214,css,4a3f9fd9,elyse,2026-04-09,12:53:20,-07:00,2026-04-09T12:53:20-07:00,0,0
cv/cv.css,215,css,4a3f9fd9,elyse,2026-04-09,12:53:20,-07:00,2026-04-09T12:53:20-07:00,0,37
cv/cv.css,216,css,4a3f9fd9,elyse,2026-04-09,12:53:20,-07:00,2026-04-09T12:53:20-07:00,1,15
cv/cv.css,217,css,4a3f9fd9,elyse,2026-04-09,12:53:20,-07:00,2026-04-09T12:53:20-07:00,0,0
cv/cv.css,218,css,4a3f9fd9,elyse,2026-04-09,12:53:20,-07:00,2026-04-09T12:53:20-07:00,0,0
cv/cv.css,219,css,4a3f9fd9,elyse,2026-04-09,12:53:20,-07:00,2026-04-09T12:53:20-07:00,0,26
cv/cv.css,220,css,ebc840d0,elyse,2026-04-17,19:49:52,-07:00,2026-04-17T19:49:52-07:00,1,16
cv/cv.css,221,css,4a3f9fd9,elyse,2026-04-09,12:53:20,-07:00,2026-04-09T12:53:20-07:00,1,15
cv/cv.css,222,css,d397ea85,elyse,2026-04-09,13:31:10,-07:00,2026-04-09T13:31:10-07:00,0,0
contact/index.html,1,html,0bac7d1,elyse,2026-04-08,00:36:29,-07:00,2026-04-08T00:36:29-07:00,0,13
contact/index.html,2,html,0bac7d1,elyse,2026-04-08,00:36:29,-07:00,2026-04-08T00:36:29-07:00,0,14
contact/index.html,3,html,0bac7d1,elyse,2026-04-08,00:36:29,-07:00,2026-04-08T00:36:29-07:00,0,4
contact/index.html,4,html,0bac7d1,elyse,2026-04-08,00:36:29,-07:00,2026-04-08T00:36:29-07:00,2,20
contact/index.html,5,html,0bac7d1,elyse,2026-04-08,00:36:29,-07:00,2026-04-08T00:36:29-07:00,2,68
contact/index.html,6,html,f26a86e8,elyse,2026-04-16,18:37:53,-07:00,2026-04-16T18:37:53-07:00,2,48
contact/index.html,7,html,a73173ed,elyse,2026-04-08,01:14:18,-07:00,2026-04-08T01:14:18-07:00,2,44
contact/index.html,8,html,0bac7d1,elyse,2026-04-08,00:36:29,-07:00,2026-04-08T00:36:29-07:00,2,21
contact/index.html,9,html,0bac7d1,elyse,2026-04-08,00:36:29,-07:00,2026-04-08T00:36:29-07:00,0,5
contact/index.html,10,html,0bac7d1,elyse,2026-04-08,00:36:29,-07:00,2026-04-08T00:36:29-07:00,0,4
contact/index.html,11,html,0bac7d1,elyse,2026-04-08,00:36:29,-07:00,2026-04-08T00:36:29-07:00,2,14
contact/index.html,12,html,e4b4b906,elyse,2026-04-16,20:02:37,-07:00,2026-04-16T20:02:37-07:00,2,41
contact/index.html,13,html,0bac7d1,elyse,2026-04-08,00:36:29,-07:00,2026-04-08T00:36:29-07:00,4,5
contact/index.html,14,html,0bac7d1,elyse,2026-04-08,00:36:29,-07:00,2026-04-08T00:36:29-07:00,6,6
contact/index.html,15,html,0bac7d1,elyse,2026-04-08,00:36:29,-07:00,2026-04-08T00:36:29-07:00,6,20
contact/index.html,16,html,0bac7d1,elyse,2026-04-08,00:36:29,-07:00,2026-04-08T00:36:29-07:00,4,6
contact/index.html,17,html,0bac7d1,elyse,2026-04-08,00:36:29,-07:00,2026-04-08T00:36:29-07:00,0,0
contact/index.html,18,html,0bac7d1,elyse,2026-04-08,00:36:29,-07:00,2026-04-08T00:36:29-07:00,4,5
contact/index.html,19,html,0bac7d1,elyse,2026-04-08,00:36:29,-07:00,2026-04-08T00:36:29-07:00,6,6
contact/index.html,20,html,0bac7d1,elyse,2026-04-08,00:36:29,-07:00,2026-04-08T00:36:29-07:00,6,31
contact/index.html,21,html,0bac7d1,elyse,2026-04-08,00:36:29,-07:00,2026-04-08T00:36:29-07:00,4,6
contact/index.html,22,html,0bac7d1,elyse,2026-04-08,00:36:29,-07:00,2026-04-08T00:36:29-07:00,0,0
contact/index.html,23,html,0bac7d1,elyse,2026-04-08,00:36:29,-07:00,2026-04-08T00:36:29-07:00,4,19
contact/index.html,24,html,0bac7d1,elyse,2026-04-08,00:36:29,-07:00,2026-04-08T00:36:29-07:00,2,5
contact/index.html,25,html,0bac7d1,elyse,2026-04-08,00:36:29,-07:00,2026-04-08T00:36:29-07:00,0,5
contact/index.html,26,html,0bac7d1,elyse,2026-04-08,00:36:29,-07:00,2026-04-08T00:36:29-07:00,0,5
